Workbook

Sheet Hướng dẫn

Sheet Câu hỏi phỏng vấn
B1: ĐÁNH GIÁ ỨNG VIÊN
B5: I. THÔNG TIN CHUNG
B6: 1. Họ và tên
B7: 2. Vị trí dự tuyển
B8: 3. Mã đợt tuyển dụng
B9: 4. Người phỏng vấn
B10: II. ĐÁNH GIÁ ỨNG VIÊN | C10: Điểm | D10: Nội dung trả lời
B11: 1. Câu hỏi chung
B12: 1.1. Giới thiệu bản thân
B13: 1.2. Học trường nào? Đã tốt nghiệp chưa? (Thang điểm từ 1-3) 1đ- Học cao đẳng/ nghề, trung tâm đào tạo ngắn hạn 2đ- Đã tốt nghiệp đại học chuyên ngành không liên quan đến công nghệ thông tin 3đ- Đã tốt nghiệp đại học trở lên chuyên ngành công nghệ thông tin
B14: 1.3. Điểm mạnh, điểm yếu của bản thân
B15: 1.4. Lý do nghỉ việc
B16: Quy trình làm việc hiện tại
B17: 2. Câu hỏi chuyên môn
B18: 2.1 Đánh giá kinh nghiệm làm việc:
B19: Số năm kinh nghiệm làm việc thực tế ở vị trí tương đương (1đ: >=2 tháng, 2đ: >=12 tháng, 3đ: >=24 tháng, 4đ: >=36 tháng, 5đ: >=60 tháng
B20: Đánh giá kỹ năng Thang điểm từ 1 - 5
B21: Đã gặp các tình huống phải giao tiếp với khách hàng qua email hoặc gọi điện chưa? Nếu có thì xử lý như thế nào để đảm bảo thông tin được truyền đạt chính xác
B22: Trong trường hợp cần giải quyết sự cố trực tiếp với khách hàng Nhật, bạn sẽ giao tiếp như thế nào để truyền tải thông tin về các vấn đề đang xử lý?
... B55: Bạn này tương đương rank với ai trong công ty

Sheet Tham chiếu
B1: CÁC YẾU TỐ CHÍNH | C1: TỶ TRỌNG YẾU TỐ CHÍNH | D1: CÁC YẾU TỐ PHỤ THÀNH PHẦN | E1: Điểm | F1: Trọng số yếu tố phụ | G1: Các loại cấp độ (n) | L1: Điểm tối đa của một yếu tố (Mi) | M1: Điểm tối thiểu của một yếu tố (mi) | N1: Số cấp độ (n) | O1: Khoảng cách giữa các bậc trong yếu tố (i) | P1: Tổng điểm | Q1: level 1 | S1: level 2 | U1: level 3 | W1: level 4 | Y1: level 5
F2: (Ki) | G2: 1 | H2: 2 | I2: 3 | J2: 4 | K2: 5 | Q2: cấp độ | R2: Điểm | S2: cấp độ | T2: Điểm | U2: cấp độ | V2: Điểm | W2: cấp độ | X2: Điểm | Y2: cấp độ | Z2: Điểm
A3: 1.1 | B3: Thái độ | C3: 0.04 | D3: Mức độ mong muốn cầu tiến với công việc | E3: ='Câu hỏi phỏng vấn'!C38 -> 0 | F3: 0.02 | G3: =M3 -> 2 | H3: =G3+$O$3 -> 6.5 | I3: =H3+$O$3 -> 11 | J3: =I3+$O$3 -> 15.5 | K3: =J3+$O$3 -> 20 | L3: =F3*$F$18 -> 20 | M3: =F3*$F$19 -> 2 | N3: 5 | O3: =(L3-M3)/(N3-1) -> 4.5 | P3: =G3+(L3-M3)/(N3-1)*(E3-1) -> -2.5 | Q3: 2 | R3: =G3+(L3-M3)/(N3-1)*(Q3-1) -> 6.5 | S3: 2 | T3: =G3+(L3-M3)/(N3-1)*(S3-1) -> 6.5 | U3: 3 | V3: =G3+(L3-M3)/(N3-1)*(U3-1) -> 11 | W3: 4 | X3: =G3+(L3-M3)/(N3-1)*(W3-1) -> 15.5 | Y3: 4 | Z3: =G3+(L3-M3)/(N3-1)*(Y3-1) -> 15.5
D4: Có sẵn sàng OT khi cần | E4: ='Câu hỏi phỏng vấn'!C39 -> 0 | F4: 0.02 | G4: =M4 -> 2 | H4: =G4+$O$4 -> 11 | I4: =H4+$O$4 -> 20 | L4: =F4*$F$18 -> 20 | M4: =F4*$F$19 -> 2 | N4: 3 | O4: =(L4-M4)/(N4-1) -> 9 | P4: =G4+(L4-M4)/(N4-1)*(E4-1) -> -7 | Q4: 2 | R4: =G4+(L4-M4)/(N4-1)*(Q4-1) -> 11 | S4: 3 | T4: =G4+(L4-M4)/(N4-1)*(S4-1) -> 20 | U4: 3 | V4: =G4+(L4-M4)/(N4-1)*(U4-1) -> 20 | W4: 3 | X4: =G4+(L4-M4)/(N4-1)*(W4-1) -> 20 | Y4: 3 | Z4: =G4+(L4-M4)/(N4-1)*(Y4-1) -> 20
A5: 2.1 | B5: Kỹ Năng | C5: 0.7 | D5: Kinh nghiệm làm việc với vị trí Tester | E5: ='Câu hỏi phỏng vấn'!C19 -> 0 | F5: 0.05 | G5: =M5 -> 5 | H5: =G5+$O$5 -> 16.25 | I5: =H5+$O$5 -> 27.5 | J5: =I5+$O$5 -> 38.75 | K5: =J5+$O$5 -> 50 | L5: =F5*$F$18 -> 50 | M5: =F5*$F$19 -> 5 | N5: 5 | O5: =(L5-M5)/(N5-1) -> 11.25 | P5: =G5+(L5-M5)/(N5-1)*(E5-1) -> -6.25 | Q5: 1 | R5: =G5+(L5-M5)/(N5-1)*(Q5-1) -> 5 | S5: 3 | T5: =G5+(L5-M5)/(N5-1)*(S5-1) -> 27.5 | U5: 4 | V5: =G5+(L5-M5)/(N5-1)*(U5-1) -> 38.75 | W5: 4 | X5: =G5+(L5-M5)/(N5-1)*(W5-1) -> 38.75 | Y5: 5 | Z5: =G5+(L5-M5)/(N5-1)*(Y5-1) -> 50
A6: 3.1 | D6: Kỹ năng Test | E6: ='Câu hỏi phỏng vấn'!C20 -> 0 | F6: 0.4 | G6: =M6 -> 40 | H6: =G6+$O$6 -> 130 | I6: =H6+$O$6 -> 220 | J6: =I6+$O$6 -> 310 | K6: =J6+$O$6 -> 400 | L6: =F6*$F$18 -> 400 | M6: =F6*$F$19 -> 40 | N6: 5 | O6: =(L6-M6)/(N6-1) -> 90 | P6: =G6+(L6-M6)/(N6-1)*(E6-1) -> -50 | Q6: 2 | R6: =G6+(L6-M6)/(N6-1)*(Q6-1) -> 130 | S6: 3 | T6: =G6+(L6-M6)/(N6-1)*(S6-1) -> 220 | U6: 3 | V6: =G6+(L6-M6)/(N6-1)*(U6-1) -> 220 | W6: 4 | X6: =G6+(L6-M6)/(N6-1)*(W6-1) -> 310 | Y6: 5 | Z6: =G6+(L6-M6)/(N6-1)*(Y6-1) -> 400
A7: 3.3 | D7: Kỹ năng testplan/test report | E7: ='Câu hỏi phỏng vấn'!#REF! -> #REF! | F7: 0.05 | G7: =M7 -> 5 | H7: =G7+$O$7 -> 16.25 | I7: =H7+$O$7 -> 27.5 | J7: =I7+$O$7 -> 38.75 | K7: =J7+$O$7 -> 50 | L7: =F7*$F$18 -> 50 | M7: =F7*$F$19 -> 5 | N7: 5 | O7: =(L7-M7)/(N7-1) -> 11.25 | P7: =G7+(L7-M7)/(N7-1)*(E7-1) -> #REF! | Q7: 1 | R7: =G7+(L7-M7)/(N7-1)*(Q7-1) -> 5 | S7: 2 | T7: =G7+(L7-M7)/(N7-1)*(S7-1) -> 16.25 | U7: 3 | V7: =G7+(L7-M7)/(N7-1)*(U7-1) -> 27.5 | W7: 4 | X7: =G7+(L7-M7)/(N7-1)*(W7-1) -> 38.75 | Y7: 4 | Z7: =G7+(L7-M7)/(N7-1)*(Y7-1) -> 38.75
D8: Kỹ năng estimate | E8: ='Câu hỏi phỏng vấn'!#REF! -> #REF! | F8: 0.05 | G8: =M8 -> 5 | H8: =G8+$O$8 -> 16.25 | I8: =H8+$O$8 -> 27.5 | J8: =I8+$O$8 -> 38.75 | K8: =J8+$O$8 -> 50 | L8: =F8*$F$18 -> 50 | M8: =F8*$F$19 -> 5 | N8: 5 | O8: =(L8-M8)/(N8-1) -> 11.25 | P8: =G8+(L8-M8)/(N8-1)*(E8-1) -> #REF! | Q8: 1 | R8: =G8+(L8-M8)/(N8-1)*(Q8-1) -> 5 | S8: 2 | T8: =G8+(L8-M8)/(N8-1)*(S8-1) -> 16.25 | U8: 3 | V8: =G8+(L8-M8)/(N8-1)*(U8-1) -> 27.5 | W8: 4 | X8: =G8+(L8-M8)/(N8-1)*(W8-1) -> 38.75 | Y8: 5 | Z8: =G8+(L8-M8)/(N8-1)*(Y8-1) -> 50
A9: 5.1 | D9: Kỹ năng test API/SQL/Per | E9: ='Câu hỏi phỏng vấn'!#REF! -> #REF! | F9: 0.15 | G9: =M9 -> 15 | H9: =G9+$O$9 -> 48.75 | I9: =H9+$O$9 -> 82.5 | J9: =I9+$O$9 -> 116.25 | K9: =J9+$O$9 -> 150 | L9: =F9*$F$18 -> 150 | M9: =F9*$F$19 -> 15 | N9: 5 | O9: =(L9-M9)/(N9-1) -> 33.75 | P9: =G9+(L9-M9)/(N9-1)*(E9-1) -> #REF! | Q9: 2 | R9: =G9+(L9-M9)/(N9-1)*(Q9-1) -> 48.75 | S9: 3 | T9: =G9+(L9-M9)/(N9-1)*(S9-1) -> 82.5 | U9: 3 | V9: =G9+(L9-M9)/(N9-1)*(U9-1) -> 82.5 | W9: 4 | X9: =G9+(L9-M9)/(N9-1)*(W9-1) -> 116.25 | Y9: 5 | Z9: =G9+(L9-M9)/(N9-1)*(Y9-1) -> 150
A10: 4.1 | B10: Kiến thức | C10: 0.24 | D10: Đánh giá khả năng quản lý | E10: ='Câu hỏi phỏng vấn'!C30 -> 0 | F10: 0.07 | G10: =M10 -> 7 | H10: =G10+$O$10 -> 22.75 | I10: =H10+$O$10 -> 38.5 | J10: =I10+$O$10 -> 54.25 | K10: =J10+$O$10 -> 70 | L10: =F10*$F$18 -> 70 | M10: =F10*$F$19 -> 7 | N10: 5 | O10: =(L10-M10)/(N10-1) -> 15.75 | P10: =G10+(L10-M10)/(N10-1)*(E10-1) -> -8.75 | Q10: 1 | R10: =G10+(L10-M10)/(N10-1)*(Q10-1) -> 7 | S10: 2 | T10: =G10+(L10-M10)/(N10-1)*(S10-1) -> 22.75 | U10: 3 | V10: =G10+(L10-M10)/(N10-1)*(U10-1) -> 38.5 | W10: 4 | X10: =G10+(L10-M10)/(N10-1)*(W10-1) -> 54.25 | Y10: 5 | Z10: =G10+(L10-M10)/(N10-1)*(Y10-1) -> 70
D11: khả năng report, xử lý issue | E11: ='Câu hỏi phỏng vấn'!#REF! -> #REF! | F11: 0.06 | G11: =M11 -> 6 | H11: =G11+$O$11 -> 19.5 | I11: =H11+$O$11 -> 33 | J11: =I11+$O$11 -> 46.5 | K11: =J11+$O$11 -> 60 | L11: =F11*$F$18 -> 60 | M11: =F11*$F$19 -> 6 | N11: 5 | O11: =(L11-M11)/(N11-1) -> 13.5 | P11: =G11+(L11-M11)/(N11-1)*(E11-1) -> #REF! | Q11: 2 | R11: =G11+(L11-M11)/(N11-1)*(Q11-1) -> 19.5 | S11: 2 | T11: =G11+(L11-M11)/(N11-1)*(S11-1) -> 19.5 | U11: 3 | V11: =G11+(L11-M11)/(N11-1)*(U11-1) -> 33 | W11: 4 | X11: =G11+(L11-M11)/(N11-1)*(W11-1) -> 46.5 | Y11: 4 | Z11: =G11+(L11-M11)/(N11-1)*(Y11-1) -> 46.5
A12: 5.2 | D12: Chứng chỉ chuyên môn | E12: ='Câu hỏi phỏng vấn'!C35 -> 0 | F12: 0.02 | G12: =M12 -> 2 | H12: =G12+$O$12 -> 8 | I12: =H12+$O$12 -> 14 | J12: =I12+$O$12 -> 20 | L12: =F12*$F$18 -> 20 | M12: =F12*$F$19 -> 2 | N12: 4 | O12: =(L12-M12)/(N12-1) -> 6 | P12: =G12+(L12-M12)/(N12-1)*(E12-1) -> -4 | Q12: 1 | R12: =G12+(L12-M12)/(N12-1)*(Q12-1) -> 2 | S12: 1 | T12: =G12+(L12-M12)/(N12-1)*(S12-1) -> 2 | U12: 3 | V12: =G12+(L12-M12)/(N12-1)*(U12-1) -> 14 | W12: 3 | X12: =G12+(L12-M12)/(N12-1)*(W12-1) -> 14 | Y12: 3 | Z12: =G12+(L12-M12)/(N12-1)*(Y12-1) -> 14
A13: 5.3 | D13: Ngoại ngữ | E13: ='Câu hỏi phỏng vấn'!C36 -> 0 | F13: 0.05 | G13: =M13 -> 5 | H13: =G13+$O$13 -> 16.25 | I13: =H13+$O$13 -> 27.5 | J13: =I13+$O$13 -> 38.75 | K13: =J13+$O$13 -> 50 | L13: =F13*$F$18 -> 50 | M13: =F13*$F$19 -> 5 | N13: 5 | O13: =(L13-M13)/(N13-1) -> 11.25 | P13: =G13+(L13-M13)/(N13-1)*(E13-1) -> -6.25 | Q13: 2 | R13: =G13+(L13-M13)/(N13-1)*(Q13-1) -> 16.25 | S13: 2 | T13: =G13+(L13-M13)/(N13-1)*(S13-1) -> 16.25 | U13: 2 | V13: =G13+(L13-M13)/(N13-1)*(U13-1) -> 16.25 | W13: 3 | X13: =G13+(L13-M13)/(N13-1)*(W13-1) -> 27.5 | Y13: 5 | Z13: =G13+(L13-M13)/(N13-1)*(Y13-1) -> 50
A14: 3 | D14: Bằng cấp | E14: ='Câu hỏi phỏng vấn'!C13 -> 0 | F14: 0.04 | G14: =M14 -> 4 | H14: =G14+$O$14 -> 22 | I14: =H14+$O$14 -> 40 | L14: =F14*$F$18 -> 40 | M14: =F14*$F$19 -> 4 | N14: 3 | O14: =(L14-M14)/(N14-1) -> 18 | P14: =G14+(L14-M14)/(N14-1)*(E14-1) -> -14 | Q14: 2 | R14: =G14+(L14-M14)/(N14-1)*(Q14-1) -> 22 | S14: 2 | T14: =G14+(L14-M14)/(N14-1)*(S14-1) -> 22 | U14: 3 | V14: =G14+(L14-M14)/(N14-1)*(U14-1) -> 40 | W14: 3 | X14: =G14+(L14-M14)/(N14-1)*(W14-1) -> 40 | Y14: 3 | Z14: =G14+(L14-M14)/(N14-1)*(Y14-1) -> 40
A15: 6.2 | B15: Other | C15: 0.02 | D15: Điểm cộng | E15: ='Câu hỏi phỏng vấn'!C45 -> 0 | F15: 0.02 | G15: =M15 -> 2 | H15: =G15+$O$15 -> 6.5 | I15: =H15+$O$15 -> 11 | J15: =I15+$O$15 -> 15.5 | K15: =J15+$O$15 -> 20 | L15: =F15*$F$18 -> 20 | M15: =F15*$F$19 -> 2 | N15: 5 | O15: =(L15-M15)/(N15-1) -> 4.5 | P15: =G15+(L15-M15)/(N15-1)*(E15-1) -> -2.5 | Q15: 1 | R15: =G15+(L15-M15)/(N15-1)*(Q15-1) -> 2 | S15: 2 | T15: =G15+(L15-M15)/(N15-1)*(S15-1) -> 6.5 | U15: 3 | V15: =G15+(L15-M15)/(N15-1)*(U15-1) -> 11 | W15: 4 | X15: =G15+(L15-M15)/(N15-1)*(W15-1) -> 15.5 | Y15: 4 | Z15: =G15+(L15-M15)/(N15-1)*(Y15-1) -> 15.5
F16: =SUM(F3:F15) -> 1 | P16: =SUM(P3:P15) -> #REF! | Q16: =SUM(Q3:Q15) -> 20 | R16: =SUM(R3:R15) -> 280 | S16: =SUM(S3:S15) -> 29 | T16: =SUM(T3:T15) -> 478 | U16: =SUM(U3:U15) -> 39 | V16: =SUM(V3:V15) -> 580 | W16: =SUM(W3:W15) -> 48 | ... Z16: =SUM(Z3:Z15) -> 960.25
D17: 1. Ghi chú: | L17: =SUM(L3:L15) -> 1000 | T17: =T16-R16 -> 198 | V17: =V16-T16 -> 102 | X17: =X16-V16 -> 195.75 | Z17: =Z16-X16 -> 184.5
D18: T: Tổng điểm số tối đa cho P1: | F18: 1000
D19: t: Tổng điểm số tối thiểu cho P1: | F19: 100
D20: n: Số khoảng cách trong một yếu tố; Ki: Trọng số của từng yếu tố | R20: Level 1 | S20: =R16 -> 280
D21: T: Số điểm tối đa cho tất cả các yếu tố (1000 điểm); t: Số điểm tối thiểu cho tất cả các yêu tố (100 điểm) | R21: Level 2 | S21: =T16 -> 478
R22: Level 3 | S22: =V16 -> 580 | U22: =S22-S21 -> 102
R23: Level 4 | S23: =X16 -> 775.75 | U23: =S23-S22 -> 195.75
R24: Level 5 | S24: =Z16 -> 960.25 | U24: =S24-S23 -> 184.5
