Workbook

Sheet Cover
D1: TESTCASE DOCUMENTS
B3: Project Name: | D3: <Nhập tên dự án>A | E3: Reviewer: | G3: HaPT
B4: Phase: | D4: <Nhập phase dự án>3 | E4: Created time (h): | G4: ='Module 1'!E3+#REF!+#REF!+#REF!+#REF!+#REF!+#REF!
B6: Record of change: | H6: (*) A (Add), M (Modify), D (Delete)
B7: Date | C7: Version | D7: Change Description | E7: A, D, M (*) | F7: Change item | G7: Reference | H7: PIC

Sheet Report
D2: Round 1 | K2: Round 2 | R2: Round 3
A3: General statistic | D3: Pass | E3: Fail | F3: Untested | G3: Rejected | H3: Total | I3: % coverage | J3: Pass coverage | K3: Pass | L3: Fail | M3: Untested | N3: Rejected | O3: Total | P3: % coverage | Q3: Pass coverage | R3: Pass | S3: Fail | T3: Untested | U3: Rejected | V3: Total | W3: % coverage | X3: Pass coverage
A4: Environment | C4: ENV 1A | D4: =D15+I15+N15 | E4: =E15+J15+O15 | F4: =F15+K15+P15 | G4: =G15+L15+Q15 | H4: =H15+M15+R15 | I4: =ROUND(100*(D4+E4)/(H4-G4),2) | J4: =ROUND(100*D4/(H4-G4),2) | K4: =D27+I27+N27 | L4: =E27+J27+O27 | M4: =F27+K27+P27 | N4: =G27+L27+Q27 | O4: =H27+M27+R27 | P4: =ROUND(100*(K4+L4)/(O4-N4),2) | Q4: =ROUND(100*K4/(O4-N4),2) | R4: =D39+I39+N39 | S4: =E39+J39+O39 | T4: =F39+K39+P39 | U4: =G39+L39+Q39 | V4: =H39+M39+R39 | W4: =ROUND(100*(R4+S4)/(V4-U4),2) | X4: =ROUND(100*R4/(V4-U4),2)
C5: ENV 2B | D5: =D16+I16+N16 | E5: =E16+J16+O16 | F5: =F16+K16+P16 | G5: =G16+L16+Q16 | H5: =H16+M16+R16 | I5: =ROUND(100*(D5+E5)/(H5-G5),2) | J5: =ROUND(100*D5/(H5-G5),2) | K5: =D28+I28+N28 | L5: =E28+J28+O28 | M5: =F28+K28+P28 | N5: =G28+L28+Q28 | O5: =H28+M28+R28 | P5: =ROUND(100*(K5+L5)/(O5-N5),2) | Q5: =ROUND(100*K5/(O5-N5),2) | R5: =D40+I40+N40 | S5: =E40+J40+O40 | T5: =F40+K40+P40 | U5: =G40+L40+Q40 | V5: =H40+M40+R40 | W5: =ROUND(100*(R5+S5)/(V5-U5),2) | X5: =ROUND(100*R5/(V5-U5),2)
C6: ENV 3C | D6: =D17+I17+N17 | E6: =E17+J17+O17 | F6: =F17+K17+P17 | G6: =G17+L17+Q17 | H6: =H17+M17+R17 | I6: =ROUND(100*(D6+E6)/(H6-G6),2) | J6: =ROUND(100*D6/(H6-G6),2) | K6: =D29+I29+N29 | L6: =E29+J29+O29 | M6: =F29+K29+P29 | N6: =G29+L29+Q29 | O6: =H29+M29+R29 | P6: =ROUND(100*(K6+L6)/(O6-N6),2) | Q6: =ROUND(100*K6/(O6-N6),2) | R6: =D41+I41+N41 | S6: =E41+J41+O41 | T6: =F41+K41+P41 | U6: =G41+L41+Q41 | V6: =H41+M41+R41 | W6: =ROUND(100*(R6+S6)/(V6-U6),2) | X6: =ROUND(100*R6/(V6-U6),2)
C7: ENV 4D | D7: =D18+I18+N18 | E7: =E18+J18+O18 | F7: =F18+K18+P18 | G7: =G18+L18+Q18 | H7: =H18+M18+R18 | I7: =ROUND(100*(D7+E7)/(H7-G7),2) | J7: =ROUND(100*D7/(H7-G7),2) | K7: =D30+I30+N30 | L7: =E30+J30+O30 | M7: =F30+K30+P30 | N7: =G30+L30+Q30 | O7: =H30+M30+R30 | P7: =ROUND(100*(K7+L7)/(O7-N7),2) | Q7: =ROUND(100*K7/(O7-N7),2) | R7: =D42+I42+N42 | S7: =E42+J42+O42 | T7: =F42+K42+P42 | U7: =G42+L42+Q42 | V7: =H42+M42+R42 | W7: =ROUND(100*(R7+S7)/(V7-U7),2) | X7: =ROUND(100*R7/(V7-U7),2)
C8: ENV 5E | D8: =D19+I19+N19 | E8: =E19+J19+O19 | F8: =F19+K19+P19 | G8: =G19+L19+Q19 | H8: =H19+M19+R19 | I8: =ROUND(100*(D8+E8)/(H8-G8),2) | J8: =ROUND(100*D8/(H8-G8),2) | K8: =D31+I31+N31 | L8: =E31+J31+O31 | M8: =F31+K31+P31 | N8: =G31+L31+Q31 | O8: =H31+M31+R31 | P8: =ROUND(100*(K8+L8)/(O8-N8),2) | Q8: =ROUND(100*K8/(O8-N8),2) | R8: =D43+I43+N43 | S8: =E43+J43+O43 | T8: =F43+K43+P43 | U8: =G43+L43+Q43 | V8: =H43+M43+R43 | W8: =ROUND(100*(R8+S8)/(V8-U8),2) | X8: =ROUND(100*R8/(V8-U8),2)
C9: ENV 6F | D9: =D20+I20+N20 | E9: =E20+J20+O20 | F9: =F20+K20+P20 | G9: =G20+L20+Q20 | H9: =H20+M20+R20 | I9: =ROUND(100*(D9+E9)/(H9-G9),2) | J9: =ROUND(100*D9/(H9-G9),2) | K9: =D32+I32+N32 | L9: =E32+J32+O32 | M9: =F32+K32+P32 | N9: =G32+L32+Q32 | O9: =H32+M32+R32 | P9: =ROUND(100*(K9+L9)/(O9-N9),2) | Q9: =ROUND(100*K9/(O9-N9),2) | R9: =D44+I44+N44 | S9: =E44+J44+O44 | T9: =F44+K44+P44 | U9: =G44+L44+Q44 | V9: =H44+M44+R44 | W9: =ROUND(100*(R9+S9)/(V9-U9),2) | X9: =ROUND(100*R9/(V9-U9),2)
A11: Round base statistic
A12: Round 1 | D12: Test result | S12: Test coverage (%) | V12: Pass coverage (%)
D13: High | I13: Normal | N13: Low | S13: High | T13: Normal | U13: Low | V13: High | W13: Normal | X13: Low
D14: Pass | E14: Fail | F14: Untested | G14: Rejected | H14: Total | I14: Pass | J14: Fail | K14: Untested | L14: Rejected | M14: Total | N14: Pass | O14: Fail | P14: Untested | Q14: Rejected | R14: Total
A15: Environment | C15: =C4 | D15: =SUMIF(C49:C94,C15,D49:D94) | E15: =SUMIF(C49:C94,C15,E49:E94) | F15: =SUMIF(C49:C94,C15,F49:F94) | G15: =SUMIF(C49:C94,C15,G49:G94) | H15: =SUMIF(C49:C94,C15,H49:H94) | I15: =SUMIF(C49:C94,C15,I49:I94) | J15: =SUMIF(C49:C94,C15,J49:J94) | K15: =SUMIF(C49:C94,C15,K49:K94) | L15: =SUMIF(C49:C94,C15,L49:L94) | M15: =SUMIF(C49:C94,C15,M49:M94) | N15: =SUMIF(C49:C94,C15,N49:N94) | O15: =SUMIF(C49:C94,C15,O49:O94) | P15: =SUMIF(C49:C94,C15,P49:P94) | Q15: =SUMIF(C49:C94,C15,Q49:Q94) | R15: =SUMIF(C49:C94,C15,R49:R94) | S15: =(D15+E15)*100/(H15-G15) | T15: =(I15+J15)*100/(M15-L15) | U15: =(N15+O15)*100/(R15-Q15) | V15: =D15*100/(H15-G15) | W15: =I15*100/(M15-L15) | X15: =N15*100/(R15-Q15)
C16: =C5 | D16: =SUMIF(C49:C94,C16,D49:D94) | E16: =SUMIF(C49:C94,C16,E49:E94) | F16: =SUMIF(C49:C94,C16,F49:F94) | G16: =SUMIF(C49:C94,C16,G49:G94) | H16: =SUMIF(C49:C94,C16,H49:H94) | I16: =SUMIF(C49:C94,C16,I49:I94) | J16: =SUMIF(C49:C94,C16,J49:J94) | K16: =SUMIF(C49:C94,C16,K49:K94) | L16: =SUMIF(C49:C94,C16,L49:L94) | M16: =SUMIF(C49:C94,C16,M49:M94) | N16: =SUMIF(C49:C94,C16,N49:N94) | O16: =SUMIF(C49:C94,C16,O49:O94) | P16: =SUMIF(C49:C94,C16,P49:P94) | Q16: =SUMIF(C49:C94,C16,Q49:Q94) | R16: =SUMIF(C49:C94,C16,R49:R94) | S16: =(D16+E16)*100/(H16-G16) | T16: =(I16+J16)*100/(M16-L16) | U16: =(N16+O16)*100/(R16-Q16) | V16: =D16*100/(H16-G16) | W16: =I16*100/(M16-L16) | X16: =N16*100/(R16-Q16)
C17: =C6 | D17: =SUMIF(C49:C94,C17,D49:D94) | E17: =SUMIF(C49:C94,C17,E49:E94) | F17: =SUMIF(C49:C94,C17,F49:F94) | G17: =SUMIF(C49:C94,C17,G49:G94) | H17: =SUMIF(C49:C94,C17,H49:H94) | I17: =SUMIF(C49:C94,C17,I49:I94) | J17: =SUMIF(C49:C94,C17,J49:J94) | K17: =SUMIF(C49:C94,C17,K49:K94) | L17: =SUMIF(C49:C94,C17,L49:L94) | M17: =SUMIF(C49:C94,C17,M49:M94) | N17: =SUMIF(C49:C94,C17,N49:N94) | O17: =SUMIF(C49:C94,C17,O49:O94) | P17: =SUMIF(C49:C94,C17,P49:P94) | Q17: =SUMIF(C49:C94,C17,Q49:Q94) | R17: =SUMIF(C49:C94,C17,R49:R94) | S17: =(D17+E17)*100/(H17-G17) | T17: =(I17+J17)*100/(M17-L17) | U17: =(N17+O17)*100/(R17-Q17) | V17: =D17*100/(H17-G17) | W17: =I17*100/(M17-L17) | X17: =N17*100/(R17-Q17)
C18: =C7 | D18: =SUMIF(C49:C94,C18,D49:D94) | E18: =SUMIF(C49:C94,C18,E49:E94) | F18: =SUMIF(C49:C94,C18,F49:F94) | G18: =SUMIF(C49:C94,C18,G49:G94) | H18: =SUMIF(C49:C94,C18,H49:H94) | I18: =SUMIF(C49:C94,C18,I49:I94) | J18: =SUMIF(C49:C94,C18,J49:J94) | K18: =SUMIF(C49:C94,C18,K49:K94) | L18: =SUMIF(C49:C94,C18,L49:L94) | M18: =SUMIF(C49:C94,C18,M49:M94) | N18: =SUMIF(C49:C94,C18,N49:N94) | O18: =SUMIF(C49:C94,C18,O49:O94) | P18: =SUMIF(C49:C94,C18,P49:P94) | Q18: =SUMIF(C49:C94,C18,Q49:Q94) | R18: =SUMIF(C49:C94,C18,R49:R94) | S18: =(D18+E18)*100/(H18-G18) | T18: =(I18+J18)*100/(M18-L18) | U18: =(N18+O18)*100/(R18-Q18) | V18: =D18*100/(H18-G18) | W18: =I18*100/(M18-L18) | X18: =N18*100/(R18-Q18)
C19: =C8 | D19: =SUMIF(C49:C94,C19,D49:D94) | E19: =SUMIF(C49:C94,C19,E49:E94) | F19: =SUMIF(C49:C94,C19,F49:F94) | G19: =SUMIF(C49:C94,C19,G49:G94) | H19: =SUMIF(C49:C94,C19,H49:H94) | I19: =SUMIF(C49:C94,C19,I49:I94) | J19: =SUMIF(C49:C94,C19,J49:J94) | K19: =SUMIF(C49:C94,C19,K49:K94) | L19: =SUMIF(C49:C94,C19,L49:L94) | M19: =SUMIF(C49:C94,C19,M49:M94) | N19: =SUMIF(C49:C94,C19,N49:N94) | O19: =SUMIF(C49:C94,C19,O49:O94) | P19: =SUMIF(C49:C94,C19,P49:P94) | Q19: =SUMIF(C49:C94,C19,Q49:Q94) | R19: =SUMIF(C49:C94,C19,R49:R94) | S19: =(D19+E19)*100/(H19-G19) | T19: =(I19+J19)*100/(M19-L19) | U19: =(N19+O19)*100/(R19-Q19) | V19: =D19*100/(H19-G19) | W19: =I19*100/(M19-L19) | X19: =N19*100/(R19-Q19)
C20: =C9 | D20: =SUMIF(C49:C94,C20,D49:D94) | E20: =SUMIF(C49:C94,C20,E49:E94) | F20: =SUMIF(C49:C94,C20,F49:F94) | G20: =SUMIF(C49:C94,C20,G49:G94) | H20: =SUMIF(C49:C94,C20,H49:H94) | I20: =SUMIF(C49:C94,C20,I49:I94) | J20: =SUMIF(C49:C94,C20,J49:J94) | K20: =SUMIF(C49:C94,C20,K49:K94) | L20: =SUMIF(C49:C94,C20,L49:L94) | M20: =SUMIF(C49:C94,C20,M49:M94) | N20: =SUMIF(C49:C94,C20,N49:N94) | O20: =SUMIF(C49:C94,C20,O49:O94) | P20: =SUMIF(C49:C94,C20,P49:P94) | Q20: =SUMIF(C49:C94,C20,Q49:Q94) | R20: =SUMIF(C49:C94,C20,R49:R94) | S20: =(D20+E20)*100/(H20-G20) | T20: =(I20+J20)*100/(M20-L20) | U20: =(N20+O20)*100/(R20-Q20) | V20: =D20*100/(H20-G20) | W20: =I20*100/(M20-L20) | X20: =N20*100/(R20-Q20)
A21: Total: | D21: =SUM(D15:D20) | E21: =SUM(E15:E20) | F21: =SUM(F15:F20) | G21: =SUM(G15:G20) | H21: =SUM(H15:H20) | I21: =SUM(I15:I20) | J21: =SUM(J15:J20) | K21: =SUM(K15:K20) | ... R21: =SUM(R15:R20) | S21: =SUM(S15:S20)/COUNTA(C15:C20) | T21: =SUM(T15:T20)/COUNTA(C15:C20) | U21: =SUM(U15:U20)/COUNTA(C15:C20) | V21: =SUM(V15:V20)/COUNTA(C15:C20) | W21: =SUM(W15:W20)/COUNTA(C15:C20) | X21: =SUM(X15:X20)/COUNTA(C15:C20)
A24: Round 2 | D24: Test result | S24: Test coverage (%) | V24: Pass coverage (%)
D25: High | I25: Normal | N25: Low | S25: =S13 | T25: =T13 | U25: =U13 | V25: =V13 | W25: =W13 | X25: =X13
D26: =D14 | E26: =E14 | F26: =F14 | G26: =G14 | H26: =H14 | I26: =I14 | J26: =J14 | K26: =K14 | ... R26: =R14
A27: Environment | C27: =C4 | D27: =SUMIF(C97:C142,C15,D97:D142) | E27: =SUMIF(C97:C142,C15,E97:E142) | F27: =SUMIF(C97:C142,C15,F97:F142) | G27: =SUMIF(C97:C142,C15,G97:G142) | H27: =SUMIF(C97:C142,C15,H97:H142) | I27: =SUMIF(C97:C142,C15,I97:I142) | J27: =SUMIF(C97:C142,C15,J97:J142) | K27: =SUMIF(C97:C142,C15,K97:K142) | L27: =SUMIF(C97:C142,C15,L97:L142) | M27: =SUMIF(C97:C142,C15,M97:M142) | N27: =SUMIF(C97:C142,C15,N97:N142) | O27: =SUMIF(C97:C142,C15,O97:O142) | P27: =SUMIF(C97:C142,C15,P97:P142) | Q27: =SUMIF(C97:C142,C15,Q97:Q142) | R27: =SUMIF(C97:C142,C15,R97:R142) | S27: =(D27+E27)*100/(H27-G27) | T27: =(I27+J27)*100/(M27-L27) | U27: =(N27+O27)*100/(R27-Q27) | V27: =D27*100/(H27-G27) | W27: =I27*100/(M27-L27) | X27: =N27*100/(R27-Q27)
C28: =C5 | D28: =SUMIF(C97:C142,C16,D97:D142) | E28: =SUMIF(C97:C142,C16,E97:E142) | F28: =SUMIF(C97:C142,C16,F97:F142) | G28: =SUMIF(C97:C142,C16,G97:G142) | H28: =SUMIF(C97:C142,C16,H97:H142) | I28: =SUMIF(C97:C142,C16,I97:I142) | J28: =SUMIF(C97:C142,C16,J97:J142) | K28: =SUMIF(C97:C142,C16,K97:K142) | L28: =SUMIF(C97:C142,C16,L97:L142) | M28: =SUMIF(C97:C142,C16,M97:M142) | N28: =SUMIF(C97:C142,C16,N97:N142) | O28: =SUMIF(C97:C142,C16,O97:O142) | P28: =SUMIF(C97:C142,C16,P97:P142) | Q28: =SUMIF(C97:C142,C16,Q97:Q142) | R28: =SUMIF(C97:C142,C16,R97:R142) | S28: =(D28+E28)*100/(H28-G28) | T28: =(I28+J28)*100/(M28-L28) | U28: =(N28+O28)*100/(R28-Q28) | V28: =D28*100/(H28-G28) | W28: =I28*100/(M28-L28) | X28: =N28*100/(R28-Q28)
C29: =C6 | D29: =SUMIF(C97:C142,C17,D97:D142) | E29: =SUMIF(C97:C142,C17,E97:E142) | F29: =SUMIF(C97:C142,C17,F97:F142) | G29: =SUMIF(C97:C142,C17,G97:G142) | H29: =SUMIF(C97:C142,C17,H97:H142) | I29: =SUMIF(C97:C142,C17,I97:I142) | J29: =SUMIF(C97:C142,C17,J97:J142) | K29: =SUMIF(C97:C142,C17,K97:K142) | L29: =SUMIF(C97:C142,C17,L97:L142) | M29: =SUMIF(C97:C142,C17,M97:M142) | N29: =SUMIF(C97:C142,C17,N97:N142) | O29: =SUMIF(C97:C142,C17,O97:O142) | P29: =SUMIF(C97:C142,C17,P97:P142) | Q29: =SUMIF(C97:C142,C17,Q97:Q142) | R29: =SUMIF(C97:C142,C17,R97:R142) | S29: =(D29+E29)*100/(H29-G29) | T29: =(I29+J29)*100/(M29-L29) | U29: =(N29+O29)*100/(R29-Q29) | V29: =D29*100/(H29-G29) | W29: =I29*100/(M29-L29) | X29: =N29*100/(R29-Q29)
C30: =C7 | D30: =SUMIF(C97:C142,C18,D97:D142) | E30: =SUMIF(C97:C142,C18,E97:E142) | F30: =SUMIF(C97:C142,C18,F97:F142) | G30: =SUMIF(C97:C142,C18,G97:G142) | H30: =SUMIF(C97:C142,C18,H97:H142) | I30: =SUMIF(C97:C142,C18,I97:I142) | J30: =SUMIF(C97:C142,C18,J97:J142) | K30: =SUMIF(C97:C142,C18,K97:K142) | L30: =SUMIF(C97:C142,C18,L97:L142) | M30: =SUMIF(C97:C142,C18,M97:M142) | N30: =SUMIF(C97:C142,C18,N97:N142) | O30: =SUMIF(C97:C142,C18,O97:O142) | P30: =SUMIF(C97:C142,C18,P97:P142) | Q30: =SUMIF(C97:C142,C18,Q97:Q142) | R30: =SUMIF(C97:C142,C18,R97:R142) | S30: =(D30+E30)*100/(H30-G30) | T30: =(I30+J30)*100/(M30-L30) | U30: =(N30+O30)*100/(R30-Q30) | V30: =D30*100/(H30-G30) | W30: =I30*100/(M30-L30) | X30: =N30*100/(R30-Q30)
C31: =C8 | D31: =SUMIF(C97:C142,C19,D97:D142) | E31: =SUMIF(C97:C142,C19,E97:E142) | F31: =SUMIF(C97:C142,C19,F97:F142) | G31: =SUMIF(C97:C142,C19,G97:G142) | H31: =SUMIF(C97:C142,C19,H97:H142) | I31: =SUMIF(C97:C142,C19,I97:I142) | J31: =SUMIF(C97:C142,C19,J97:J142) | K31: =SUMIF(C97:C142,C19,K97:K142) | L31: =SUMIF(C97:C142,C19,L97:L142) | M31: =SUMIF(C97:C142,C19,M97:M142) | N31: =SUMIF(C97:C142,C19,N97:N142) | O31: =SUMIF(C97:C142,C19,O97:O142) | P31: =SUMIF(C97:C142,C19,P97:P142) | Q31: =SUMIF(C97:C142,C19,Q97:Q142) | R31: =SUMIF(C97:C142,C19,R97:R142) | S31: =(D31+E31)*100/(H31-G31) | T31: =(I31+J31)*100/(M31-L31) | U31: =(N31+O31)*100/(R31-Q31) | V31: =D31*100/(H31-G31) | W31: =I31*100/(M31-L31) | X31: =N31*100/(R31-Q31)
C32: =C9 | D32: =SUMIF(C97:C142,C20,D97:D142) | E32: =SUMIF(C97:C142,C20,E97:E142) | F32: =SUMIF(C97:C142,C20,F97:F142) | G32: =SUMIF(C97:C142,C20,G97:G142) | H32: =SUMIF(C97:C142,C20,H97:H142) | I32: =SUMIF(C97:C142,C20,I97:I142) | J32: =SUMIF(C97:C142,C20,J97:J142) | K32: =SUMIF(C97:C142,C20,K97:K142) | L32: =SUMIF(C97:C142,C20,L97:L142) | M32: =SUMIF(C97:C142,C20,M97:M142) | N32: =SUMIF(C97:C142,C20,N97:N142) | O32: =SUMIF(C97:C142,C20,O97:O142) | P32: =SUMIF(C97:C142,C20,P97:P142) | Q32: =SUMIF(C97:C142,C20,Q97:Q142) | R32: =SUMIF(C97:C142,C20,R97:R142) | S32: =(D32+E32)*100/(H32-G32) | T32: =(I32+J32)*100/(M32-L32) | U32: =(N32+O32)*100/(R32-Q32) | V32: =D32*100/(H32-G32) | W32: =I32*100/(M32-L32) | X32: =N32*100/(R32-Q32)
A33: Total: | D33: =SUM(D27:D32) | E33: =SUM(E27:E32) | F33: =SUM(F27:F32) | G33: =SUM(G27:G32) | H33: =SUM(H27:H32) | I33: =SUM(I27:I32) | J33: =SUM(J27:J32) | K33: =SUM(K27:K32) | ... R33: =SUM(R27:R32) | S33: =SUM(S27:S32)/COUNTA(C15:C20) | T33: =SUM(T27:T32)/COUNTA(C15:C20) | U33: =SUM(U27:U32)/COUNTA(C15:C20) | V33: =SUM(V27:V32)/COUNTA(C15:C20) | W33: =SUM(W27:W32)/COUNTA(C15:C20) | X33: =SUM(X27:X32)/COUNTA(C15:C20)
A36: Round 3 | D36: Test result | S36: Test coverage (%) | V36: Pass coverage (%)
D37: High | I37: Normal | N37: Low | S37: High | T37: Normal | U37: Low | V37: High | W37: Normal | X37: Low
D38: Pass | E38: Fail | F38: Untested | G38: Rejected | H38: Total | I38: Pass | J38: Fail | K38: Untested | L38: Rejected | M38: Total | N38: Pass | O38: Fail | P38: Untested | Q38: Rejected | R38: Total
A39: Environment | C39: =C4 | D39: =SUMIF(C145:C189,C15,D145:D189) | E39: =SUMIF(C145:C189,C15,E145:E189) | F39: =SUMIF(C145:C189,C15,F145:F189) | G39: =SUMIF(C145:C189,C15,G145:G189) | H39: =SUMIF(C145:C189,C15,H145:H189) | I39: =SUMIF(C145:C189,C15,I145:I189) | J39: =SUMIF(C145:C189,C15,J145:J189) | K39: =SUMIF(C145:C189,C15,K145:K189) | L39: =SUMIF(C145:C189,C15,L145:L189) | M39: =SUMIF(C145:C189,C15,M145:M189) | N39: =SUMIF(C145:C189,C15,N145:N189) | O39: =SUMIF(C145:C189,C15,O145:O189) | P39: =SUMIF(C145:C189,C15,P145:P189) | Q39: =SUMIF(C145:C189,C15,Q145:Q189) | R39: =SUMIF(C145:C189,C15,R145:R189) | S39: =(D39+E39)*100/(H39-G39) | T39: =(I39+J39)*100/(M39-L39) | U39: =(N39+O39)*100/(R39-Q39) | V39: =D39*100/(H39-G39) | W39: =I39*100/(M39-L39) | X39: =N39*100/(R39-Q39)
C40: =C5 | D40: =SUMIF(C145:C189,C16,D145:D189) | E40: =SUMIF(C145:C189,C16,E145:E189) | F40: =SUMIF(C145:C189,C16,F145:F189) | G40: =SUMIF(C145:C189,C16,G145:G189) | H40: =SUMIF(C145:C189,C16,H145:H189) | I40: =SUMIF(C145:C189,C16,I145:I189) | J40: =SUMIF(C145:C189,C16,J145:J189) | K40: =SUMIF(C145:C189,C16,K145:K189) | L40: =SUMIF(C145:C189,C16,L145:L189) | M40: =SUMIF(C145:C189,C16,M145:M189) | N40: =SUMIF(C145:C189,C16,N145:N189) | O40: =SUMIF(C145:C189,C16,O145:O189) | P40: =SUMIF(C145:C189,C16,P145:P189) | Q40: =SUMIF(C145:C189,C16,Q145:Q189) | R40: =SUMIF(C145:C189,C16,R145:R189) | S40: =(D40+E40)*100/(H40-G40) | T40: =(I40+J40)*100/(M40-L40) | U40: =(N40+O40)*100/(R40-Q40) | V40: =D40*100/(H40-G40) | W40: =I40*100/(M40-L40) | X40: =N40*100/(R40-Q40)
C41: =C6 | D41: =SUMIF(C145:C189,C17,D145:D189) | E41: =SUMIF(C145:C189,C17,E145:E189) | F41: =SUMIF(C145:C189,C17,F145:F189) | G41: =SUMIF(C145:C189,C17,G145:G189) | H41: =SUMIF(C145:C189,C17,H145:H189) | I41: =SUMIF(C145:C189,C17,I145:I189) | J41: =SUMIF(C145:C189,C17,J145:J189) | K41: =SUMIF(C145:C189,C17,K145:K189) | L41: =SUMIF(C145:C189,C17,L145:L189) | M41: =SUMIF(C145:C189,C17,M145:M189) | N41: =SUMIF(C145:C189,C17,N145:N189) | O41: =SUMIF(C145:C189,C17,O145:O189) | P41: =SUMIF(C145:C189,C17,P145:P189) | Q41: =SUMIF(C145:C189,C17,Q145:Q189) | R41: =SUMIF(C145:C189,C17,R145:R189) | S41: =(D41+E41)*100/(H41-G41) | T41: =(I41+J41)*100/(M41-L41) | U41: =(N41+O41)*100/(R41-Q41) | V41: =D41*100/(H41-G41) | W41: =I41*100/(M41-L41) | X41: =N41*100/(R41-Q41)
C42: =C7 | D42: =SUMIF(C145:C189,C18,D145:D189) | E42: =SUMIF(C145:C189,C18,E145:E189) | F42: =SUMIF(C145:C189,C18,F145:F189) | G42: =SUMIF(C145:C189,C18,G145:G189) | H42: =SUMIF(C145:C189,C18,H145:H189) | I42: =SUMIF(C145:C189,C18,I145:I189) | J42: =SUMIF(C145:C189,C18,J145:J189) | K42: =SUMIF(C145:C189,C18,K145:K189) | L42: =SUMIF(C145:C189,C18,L145:L189) | M42: =SUMIF(C145:C189,C18,M145:M189) | N42: =SUMIF(C145:C189,C18,N145:N189) | O42: =SUMIF(C145:C189,C18,O145:O189) | P42: =SUMIF(C145:C189,C18,P145:P189) | Q42: =SUMIF(C145:C189,C18,Q145:Q189) | R42: =SUMIF(C145:C189,C18,R145:R189) | S42: =(D42+E42)*100/(H42-G42) | T42: =(I42+J42)*100/(M42-L42) | U42: =(N42+O42)*100/(R42-Q42) | V42: =D42*100/(H42-G42) | W42: =I42*100/(M42-L42) | X42: =N42*100/(R42-Q42)
C43: =C8 | D43: =SUMIF(C145:C189,C19,D145:D189) | E43: =SUMIF(C145:C189,C19,E145:E189) | F43: =SUMIF(C145:C189,C19,F145:F189) | G43: =SUMIF(C145:C189,C19,G145:G189) | H43: =SUMIF(C145:C189,C19,H145:H189) | I43: =SUMIF(C145:C189,C19,I145:I189) | J43: =SUMIF(C145:C189,C19,J145:J189) | K43: =SUMIF(C145:C189,C19,K145:K189) | L43: =SUMIF(C145:C189,C19,L145:L189) | M43: =SUMIF(C145:C189,C19,M145:M189) | N43: =SUMIF(C145:C189,C19,N145:N189) | O43: =SUMIF(C145:C189,C19,O145:O189) | P43: =SUMIF(C145:C189,C19,P145:P189) | Q43: =SUMIF(C145:C189,C19,Q145:Q189) | R43: =SUMIF(C145:C189,C19,R145:R189) | S43: =(D43+E43)*100/(H43-G43) | T43: =(I43+J43)*100/(M43-L43) | U43: =(N43+O43)*100/(R43-Q43) | V43: =D43*100/(H43-G43) | W43: =I43*100/(M43-L43) | X43: =N43*100/(R43-Q43)
C44: =C9 | D44: =SUMIF(C145:C189,C20,D145:D189) | E44: =SUMIF(C145:C189,C20,E145:E189) | F44: =SUMIF(C145:C189,C20,F145:F189) | G44: =SUMIF(C145:C189,C20,G145:G189) | H44: =SUMIF(C145:C189,C20,H145:H189) | I44: =SUMIF(C145:C189,C20,I145:I189) | J44: =SUMIF(C145:C189,C20,J145:J189) | K44: =SUMIF(C145:C189,C20,K145:K189) | L44: =SUMIF(C145:C189,C20,L145:L189) | M44: =SUMIF(C145:C189,C20,M145:M189) | N44: =SUMIF(C145:C189,C20,N145:N189) | O44: =SUMIF(C145:C189,C20,O145:O189) | P44: =SUMIF(C145:C189,C20,P145:P189) | Q44: =SUMIF(C145:C189,C20,Q145:Q189) | R44: =SUMIF(C145:C189,C20,R145:R189) | S44: =(D44+E44)*100/(H44-G44) | T44: =(I44+J44)*100/(M44-L44) | U44: =(N44+O44)*100/(R44-Q44) | V44: =D44*100/(H44-G44) | W44: =I44*100/(M44-L44) | X44: =N44*100/(R44-Q44)
A45: Total: | D45: =SUM(D39:D44) | E45: =SUM(E39:E44) | F45: =SUM(F39:F44) | G45: =SUM(G39:G44) | H45: =SUM(H39:H44) | I45: =SUM(I39:I44) | J45: =SUM(J39:J44) | K45: =SUM(K39:K44) | ... R45: =SUM(R39:R44) | S45: =SUM(S39:S44)/COUNTA(C15:C20) | T45: =SUM(T39:T44)/COUNTA(C15:C20) | U45: =SUM(U39:U44)/COUNTA(C15:C20) | V45: =SUM(V39:V44)/COUNTA(C15:C20) | W45: =SUM(W39:W44)/COUNTA(C15:C20) | X45: =SUM(X39:X44)/COUNTA(C15:C20)
A47: Round 1 in detail
D48: High | I48: Normal | N48: Low | S48: Total TC | T48: Creator | U48: Tester | V48: Note
A49: No | B49: Module/Function | C49: Environment | D49: Pass | E49: Fail | F49: Untested | G49: Rejected | H49: Total | I49: Pass | J49: Fail | K49: Untested | L49: Rejected | M49: Total | N49: Pass | O49: Fail | P49: Untested | Q49: Rejected | R49: Total
A50: 1 | B50: ='Module 1'!B1 | C50: =C4 | D50: =COUNTIFS('Module 1'!J12:J698,"Pass",'Module 1'!H12:H698,"High") | E50: =COUNTIFS('Module 1'!J12:J698,"Fail",'Module 1'!H12:H698,"High") | F50: =H50-D50-E50-G50 | G50: =COUNTIFS('Module 1'!J12:J698,"Rejected",'Module 1'!H12:H698,"High") | H50: ='Module 1'!H3 | I50: =COUNTIFS('Module 1'!J12:J698,"Pass",'Module 1'!H12:H698,"Normal") | J50: =COUNTIFS('Module 1'!J12:J698,"Fail",'Module 1'!H12:H698,"Normal") | K50: =M50-I50-J50-L50 | L50: =COUNTIFS('Module 1'!J12:J698,"Rejected",'Module 1'!H12:H698,"Normal") | M50: ='Module 1'!I3 | N50: =COUNTIFS('Module 1'!J12:J698,"Pass",'Module 1'!H12:H698,"Low") | O50: =COUNTIFS('Module 1'!J12:J698,"Fail",'Module 1'!H12:H698,"Low") | P50: =R50-N50-O50-Q50 | Q50: =COUNTIFS('Module 1'!J12:J698,"Rejected",'Module 1'!H12:H698,"Low") | R50: ='Module 1'!J3 | S50: =H50+M50+R50 | T50: ='Module 1'!E1 | U50: ='Module 1'!K12
C51: =C5 | D51: =COUNTIFS('Module 1'!M12:M698,"Pass",'Module 1'!H12:H698,"High") | E51: =COUNTIFS('Module 1'!M12:M698,"Fail",'Module 1'!H12:H698,"High") | F51: =H51-D51-E51-G51 | G51: =COUNTIFS('Module 1'!M12:M698,"Rejected",'Module 1'!H12:H698,"High") | H51: =$H$50 | I51: =COUNTIFS('Module 1'!M12:M698,"Pass",'Module 1'!H12:H698,"Normal") | J51: =COUNTIFS('Module 1'!M12:M698,"Fail",'Module 1'!H12:H698,"Normal") | K51: =M51-I51-J51-L51 | L51: =COUNTIFS('Module 1'!M12:M698,"Rejected",'Module 1'!H12:H698,"Normal") | M51: =$M$50 | N51: =COUNTIFS('Module 1'!M12:M698,"Pass",'Module 1'!H12:H698,"Low") | O51: =COUNTIFS('Module 1'!M12:M698,"Fail",'Module 1'!H12:H698,"Low") | P51: =R51-N51-O51-Q51 | Q51: =COUNTIFS('Module 1'!M12:M698,"Rejected",'Module 1'!H12:H698,"Low") | R51: =$R$50 | S51: =H51+M51+R51 | U51: ='Module 1'!N12
C52: =C6 | D52: =COUNTIFS('Module 1'!P12:P698,"Pass",'Module 1'!H12:H698,"High") | E52: =COUNTIFS('Module 1'!P12:P698,"Fail",'Module 1'!H12:H698,"High") | F52: =H52-D52-E52-G52 | G52: =COUNTIFS('Module 1'!P12:P698,"Rejected",'Module 1'!H12:H698,"High") | H52: =$H$50 | I52: =COUNTIFS('Module 1'!P12:P698,"Pass",'Module 1'!H12:H698,"Normal") | J52: =COUNTIFS('Module 1'!P12:P698,"Fail",'Module 1'!H12:H698,"Normal") | K52: =M52-I52-J52-L52 | L52: =COUNTIFS('Module 1'!P12:P698,"Rejected",'Module 1'!H12:H698,"Normal") | M52: =$M$50 | N52: =COUNTIFS('Module 1'!P12:P698,"Pass",'Module 1'!H12:H698,"Low") | O52: =COUNTIFS('Module 1'!P12:P698,"Fail",'Module 1'!H12:H698,"Low") | P52: =R52-N52-O52-Q52 | Q52: =COUNTIFS('Module 1'!P12:P698,"Rejected",'Module 1'!H12:H698,"Low") | R52: =$R$50 | S52: =H52+M52+R52 | U52: ='Module 1'!Q12
C53: =C7 | D53: =COUNTIFS('Module 1'!S12:S698,"Pass",'Module 1'!H12:H698,"High") | E53: =COUNTIFS('Module 1'!S12:S698,"Fail",'Module 1'!H12:H698,"High") | F53: =H53-D53-E53-G53 | G53: =COUNTIFS('Module 1'!S12:S698,"Rejected",'Module 1'!H12:H698,"High") | H53: =$H$50 | I53: =COUNTIFS('Module 1'!S12:S698,"Pass",'Module 1'!H12:H698,"Normal") | J53: =COUNTIFS('Module 1'!S12:S698,"Fail",'Module 1'!H12:H698,"Normal") | K53: =M53-I53-J53-L53 | L53: =COUNTIFS('Module 1'!S12:S698,"Rejected",'Module 1'!H12:H698,"Normal") | M53: =$M$50 | N53: =COUNTIFS('Module 1'!S12:S698,"Pass",'Module 1'!H12:H698,"Low") | O53: =COUNTIFS('Module 1'!S12:S698,"Fail",'Module 1'!H12:H698,"Low") | P53: =R53-N53-O53-Q53 | Q53: =COUNTIFS('Module 1'!S12:S698,"Rejected",'Module 1'!H12:H698,"Low") | R53: =$R$50 | S53: =H53+M53+R53 | U53: ='Module 1'!T12
C54: =C8 | D54: =COUNTIFS('Module 1'!V12:V698,"Pass",'Module 1'!H12:H698,"High") | E54: =COUNTIFS('Module 1'!V12:V698,"Fail",'Module 1'!H12:H698,"High") | F54: =H54-D54-E54-G54 | G54: =COUNTIFS('Module 1'!V12:V698,"Rejected",'Module 1'!H12:H698,"High") | H54: =$H$50 | I54: =COUNTIFS('Module 1'!V12:V698,"Pass",'Module 1'!H12:H698,"Normal") | J54: =COUNTIFS('Module 1'!V12:V698,"Fail",'Module 1'!H12:H698,"Normal") | K54: =M54-I54-J54-L54 | L54: =COUNTIFS('Module 1'!V12:V698,"Rejected",'Module 1'!H12:H698,"Normal") | M54: =$M$50 | N54: =COUNTIFS('Module 1'!V12:V698,"Pass",'Module 1'!H12:H698,"Low") | O54: =COUNTIFS('Module 1'!V12:V698,"Fail",'Module 1'!H12:H698,"Low") | P54: =R54-N54-O54-Q54 | Q54: =COUNTIFS('Module 1'!V12:V698,"Rejected",'Module 1'!H12:H698,"Low") | R54: =$R$50 | S54: =H54+M54+R54 | U54: ='Module 1'!W12
C55: =C9 | D55: =COUNTIFS('Module 1'!Y12:Y698,"Pass",'Module 1'!H12:H698,"High") | E55: =COUNTIFS('Module 1'!Y12:Y698,"Fail",'Module 1'!H12:H698,"High") | F55: =H55-D55-E55-G55 | G55: =COUNTIFS('Module 1'!Y12:Y698,"Rejected",'Module 1'!H12:H698,"High") | H55: =$H$50 | I55: =COUNTIFS('Module 1'!Y12:Y698,"Pass",'Module 1'!H12:H698,"Normal") | J55: =COUNTIFS('Module 1'!Y12:Y698,"Fail",'Module 1'!H12:H698,"Normal") | K55: =M55-I55-J55-L55 | L55: =COUNTIFS('Module 1'!Y12:Y698,"Rejected",'Module 1'!H12:H698,"Normal") | M55: =$M$50 | N55: =COUNTIFS('Module 1'!Y12:Y698,"Pass",'Module 1'!H12:H698,"Low") | O55: =COUNTIFS('Module 1'!Y12:Y698,"Fail",'Module 1'!H12:H698,"Low") | P55: =R55-N55-O55-Q55 | Q55: =COUNTIFS('Module 1'!Y12:Y698,"Rejected",'Module 1'!H12:H698,"Low") | R55: =$R$50 | S55: =H55+M55+R55 | U55: ='Module 1'!AD12
A56: 2 | B56: =#REF! | C56: =C4 | D56: =COUNTIFS(#REF!,"Pass",#REF!,"High") | E56: =COUNTIFS(#REF!,E49,#REF!,"High") | F56: =H56-D56-E56-G56 | G56: =COUNTIFS(#REF!,G49,#REF!,"High") | H56: =#REF! | I56: =COUNTIFS(#REF!,"Pass",#REF!,"Normal") | J56: =COUNTIFS(#REF!,"Fail",#REF!,"Normal") | K56: =M56-I56-J56-L56 | L56: =COUNTIFS(#REF!,"Rejected",#REF!,"Normal") | M56: =#REF! | N56: =COUNTIFS(#REF!,"Pass",#REF!,"Low") | O56: =COUNTIFS(#REF!,"Fail",#REF!,"Low") | P56: =R56-N56-O56-Q56 | Q56: =COUNTIFS(#REF!,"Rejected",#REF!,"Low") | R56: =#REF! | S56: =H56+M56+R56 | T56: =#REF! | U56: =#REF!
C57: =C5 | D57: =COUNTIFS(#REF!,"Pass",#REF!,"High") | E57: =COUNTIFS(#REF!,E14,#REF!,"High") | F57: =H57-D57-E57-G57 | G57: =COUNTIFS(#REF!,G14,#REF!,"High") | H57: =$H$56 | I57: =COUNTIFS(#REF!,"Pass",#REF!,"Normal") | J57: =COUNTIFS(#REF!,E14,#REF!,"Normal") | K57: =M57-I57-J57-L57 | L57: =COUNTIFS(#REF!,G14,#REF!,"Normal") | M57: =$M$56 | N57: =COUNTIFS(#REF!,"Pass",#REF!,"Low") | O57: =COUNTIFS(#REF!,E14,#REF!,"Low") | P57: =R57-N57-O57-Q57 | Q57: =COUNTIFS(#REF!,G14,#REF!,"Low") | R57: =$R$56 | S57: =H57+M57+R57 | U57: =#REF!
C58: =C6 | D58: =COUNTIFS(#REF!,"Pass",#REF!,"High") | E58: =COUNTIFS(#REF!,E14,#REF!,"High") | F58: =H58-D58-E58-G58 | G58: =COUNTIFS(#REF!,G14,#REF!,"High") | H58: =$H$56 | I58: =COUNTIFS(#REF!,"Pass",#REF!,"Normal") | J58: =COUNTIFS(#REF!,E14,#REF!,"Normal") | K58: =M58-I58-J58-L58 | L58: =COUNTIFS(#REF!,G14,#REF!,"Normal") | M58: =$M$56 | N58: =COUNTIFS(#REF!,"Pass",#REF!,"Low") | O58: =COUNTIFS(#REF!,E14,#REF!,"Low") | P58: =R58-N58-O58-Q58 | Q58: =COUNTIFS(#REF!,G14,#REF!,"Low") | R58: =$R$56 | S58: =H58+M58+R58 | U58: =#REF!
C59: =C7 | D59: =COUNTIFS(#REF!,"Pass",#REF!,"High") | E59: =COUNTIFS(#REF!,E14,#REF!,"High") | F59: =H59-D59-E59-G59 | G59: =COUNTIFS(#REF!,G14,#REF!,"High") | H59: =$H$56 | I59: =COUNTIFS(#REF!,"Pass",#REF!,"Normal") | J59: =COUNTIFS(#REF!,E14,#REF!,"Normal") | K59: =M59-I59-J59-L59 | L59: =COUNTIFS(#REF!,G14,#REF!,"Normal") | M59: =$M$56 | N59: =COUNTIFS(#REF!,"Pass",#REF!,"Low") | O59: =COUNTIFS(#REF!,E14,#REF!,"Low") | P59: =R59-N59-O59-Q59 | Q59: =COUNTIFS(#REF!,G14,#REF!,"Low") | R59: =$R$56 | S59: =H59+M59+R59 | U59: =#REF!
C60: =C8 | D60: =COUNTIFS(#REF!,"Pass",#REF!,"High") | E60: =COUNTIFS(#REF!,E14,#REF!,"High") | F60: =H60-D60-E60-G60 | G60: =COUNTIFS(#REF!,G14,#REF!,"High") | H60: =$H$56 | I60: =COUNTIFS(#REF!,"Pass",#REF!,"Normal") | J60: =COUNTIFS(#REF!,E14,#REF!,"Normal") | K60: =M60-I60-J60-L60 | L60: =COUNTIFS(#REF!,G14,#REF!,"Normal") | M60: =$M$56 | N60: =COUNTIFS(#REF!,"Pass",#REF!,"Low") | O60: =COUNTIFS(#REF!,E14,#REF!,"Low") | P60: =R60-N60-O60-Q60 | Q60: =COUNTIFS(#REF!,G14,#REF!,"Low") | R60: =$R$56 | S60: =H60+M60+R60 | U60: =#REF!
C61: =C9 | D61: =COUNTIFS(#REF!,"Pass",#REF!,"High") | E61: =COUNTIFS(#REF!,E14,#REF!,"High") | F61: =H61-D61-E61-G61 | G61: =COUNTIFS(#REF!,G14,#REF!,"High") | H61: =$H$56 | I61: =COUNTIFS(#REF!,"Pass",#REF!,"Normal") | J61: =COUNTIFS(#REF!,E14,#REF!,"Normal") | K61: =M61-I61-J61-L61 | L61: =COUNTIFS(#REF!,G14,#REF!,"Normal") | M61: =$M$56 | N61: =COUNTIFS(#REF!,"Pass",#REF!,"Low") | O61: =COUNTIFS(#REF!,E14,#REF!,"Low") | P61: =R61-N61-O61-Q61 | Q61: =COUNTIFS(#REF!,G14,#REF!,"Low") | R61: =$R$56 | S61: =H61+M61+R61 | U61: =#REF!
A62: 3 | B62: =#REF! | C62: =C4 | D62: =COUNTIFS(#REF!,"Pass",#REF!,"High") | E62: =COUNTIFS(#REF!,"Fail",#REF!,"High") | F62: =H62-D62-E62-G62 | G62: =COUNTIFS(#REF!,"Rejected",#REF!,"High") | H62: =#REF! | I62: =COUNTIFS(#REF!,"Pass",#REF!,"Normal") | J62: =COUNTIFS(#REF!,"Fail",#REF!,"Normal") | K62: =M62-I62-J62-L62 | L62: =COUNTIFS(#REF!,"Rejected",#REF!,"Normal") | M62: =#REF! | N62: =COUNTIFS(#REF!,"Pass",#REF!,"Low") | O62: =COUNTIFS(#REF!,"Fail",#REF!,"Low") | P62: =R62-N62-O62-Q62 | Q62: =COUNTIFS(#REF!,"Rejected",#REF!,"Low") | R62: =#REF! | S62: =H62+M62+R62 | T62: =#REF! | U62: ='Module 1'!K12
C63: =C5 | D63: =COUNTIFS(#REF!,"Pass",#REF!,"High") | E63: =COUNTIFS(#REF!,"Fail",#REF!,"High") | F63: =H63-D63-E63-G63 | G63: =COUNTIFS(#REF!,"Rejected",#REF!,"High") | H63: =$H$62 | I63: =COUNTIFS(#REF!,"Pass",#REF!,"Normal") | J63: =COUNTIFS(#REF!,"Fail",#REF!,"Normal") | K63: =M63-I63-J63-L63 | L63: =COUNTIFS(#REF!,"Rejected",#REF!,"Normal") | M63: =$M$62 | N63: =COUNTIFS(#REF!,"Pass",#REF!,"Low") | O63: =COUNTIFS(#REF!,"Fail",#REF!,"Low") | P63: =R63-N63-O63-Q63 | Q63: =COUNTIFS(#REF!,"Rejected",#REF!,"Low") | R63: =$R$62 | S63: =H63+M63+R63 | U63: =#REF!
C64: =C6 | D64: =COUNTIFS(#REF!,"Pass",#REF!,"High") | E64: =COUNTIFS(#REF!,"Fail",#REF!,"High") | F64: =H64-D64-E64-G64 | G64: =COUNTIFS(#REF!,"Rejected",#REF!,"High") | H64: =$H$62 | I64: =COUNTIFS(#REF!,"Pass",#REF!,"Normal") | J64: =COUNTIFS(#REF!,"Fail",#REF!,"Normal") | K64: =M64-I64-J64-L64 | L64: =COUNTIFS(#REF!,"Rejected",#REF!,"Normal") | M64: =$M$62 | N64: =COUNTIFS(#REF!,"Pass",#REF!,"Low") | O64: =COUNTIFS(#REF!,"Fail",#REF!,"Low") | P64: =R64-N64-O64-Q64 | Q64: =COUNTIFS(#REF!,"Rejected",#REF!,"Low") | R64: =$R$62 | S64: =H64+M64+R64 | U64: =#REF!
C65: =C7 | D65: =COUNTIFS(#REF!,"Pass",#REF!,"High") | E65: =COUNTIFS(#REF!,"Fail",#REF!,"High") | F65: =H65-D65-E65-G65 | G65: =COUNTIFS(#REF!,"Rejected",#REF!,"High") | H65: =$H$62 | I65: =COUNTIFS(#REF!,"Pass",#REF!,"Normal") | J65: =COUNTIFS(#REF!,"Fail",#REF!,"Normal") | K65: =M65-I65-J65-L65 | L65: =COUNTIFS(#REF!,"Rejected",#REF!,"Normal") | M65: =$M$62 | N65: =COUNTIFS(#REF!,"Pass",#REF!,"Low") | O65: =COUNTIFS(#REF!,"Fail",#REF!,"Low") | P65: =R65-N65-O65-Q65 | Q65: =COUNTIFS(#REF!,"Rejected",#REF!,"Low") | R65: =$R$62 | S65: =H65+M65+R65 | U65: =#REF!
C66: =C8 | D66: =COUNTIFS(#REF!,"Pass",#REF!,"High") | E66: =COUNTIFS(#REF!,"Fail",#REF!,"High") | F66: =H66-D66-E66-G66 | G66: =COUNTIFS(#REF!,"Rejected",#REF!,"High") | H66: =$H$62 | I66: =COUNTIFS(#REF!,"Pass",#REF!,"Normal") | J66: =COUNTIFS(#REF!,"Fail",#REF!,"Normal") | K66: =M66-I66-J66-L66 | L66: =COUNTIFS(#REF!,"Rejected",#REF!,"Normal") | M66: =$M$62 | N66: =COUNTIFS(#REF!,"Pass",#REF!,"Low") | O66: =COUNTIFS(#REF!,"Fail",#REF!,"Low") | P66: =R66-N66-O66-Q66 | Q66: =COUNTIFS(#REF!,"Rejected",#REF!,"Low") | R66: =$R$62 | S66: =H66+M66+R66 | U66: =#REF!
C67: =C9 | D67: =COUNTIFS(#REF!,"Pass",#REF!,"High") | E67: =COUNTIFS(#REF!,"Fail",#REF!,"High") | F67: =H67-D67-E67-G67 | G67: =COUNTIFS(#REF!,"Rejected",#REF!,"High") | H67: =$H$62 | I67: =COUNTIFS(#REF!,"Pass",#REF!,"Normal") | J67: =COUNTIFS(#REF!,"Fail",#REF!,"Normal") | K67: =M67-I67-J67-L67 | L67: =COUNTIFS(#REF!,"Rejected",#REF!,"Normal") | M67: =$M$62 | N67: =COUNTIFS(#REF!,"Pass",#REF!,"Low") | O67: =COUNTIFS(#REF!,"Fail",#REF!,"Low") | P67: =R67-N67-O67-Q67 | Q67: =COUNTIFS(#REF!,"Rejected",#REF!,"Low") | R67: =$R$62 | S67: =H67+M67+R67 | U67: =#REF!
A68: 4 | B68: =#REF! | C68: =C4 | D68: =COUNTIFS(#REF!,"Pass",#REF!,"High") | E68: =COUNTIFS(#REF!,"Fail",#REF!,"High") | F68: =H68-D68-E68-G68 | G68: =COUNTIFS(#REF!,"Rejected",#REF!,"High") | H68: =#REF! | I68: =COUNTIFS(#REF!,"Pass",#REF!,"Normal") | J68: =COUNTIFS(#REF!,"Fail",#REF!,"Normal") | K68: =M68-I68-J68-L68 | L68: =COUNTIFS(#REF!,"Rejected",#REF!,"Normal") | M68: =#REF! | N68: =COUNTIFS(#REF!,"Pass",#REF!,"Low") | O68: =COUNTIFS(#REF!,"Fail",#REF!,"Low") | P68: =R68-N68-O68-Q68 | Q68: =COUNTIFS(#REF!,"Rejected",#REF!,"Low") | R68: =#REF! | S68: =H68+M68+R68 | T68: =#REF! | U68: =#REF!
C69: =C5 | D69: =COUNTIFS(#REF!,"Pass",#REF!,"High") | E69: =COUNTIFS(#REF!,"Fail",#REF!,"High") | F69: =H69-D69-E69-G69 | G69: =COUNTIFS(#REF!,"Rejected",#REF!,"High") | H69: =$H$68 | I69: =COUNTIFS(#REF!,"Pass",#REF!,"Normal") | J69: =COUNTIFS(#REF!,"Fail",#REF!,"Normal") | K69: =M69-I69-J69-L69 | L69: =COUNTIFS(#REF!,"Rejected",#REF!,"Normal") | M69: =$M$68 | N69: =COUNTIFS(#REF!,"Pass",#REF!,"Low") | O69: =COUNTIFS(#REF!,"Fail",#REF!,"Low") | P69: =R69-N69-O69-Q69 | Q69: =COUNTIFS(#REF!,"Rejected",#REF!,"Low") | R69: =$R$68 | S69: =H69+M69+R69 | U69: =#REF!
C70: =C6 | D70: =COUNTIFS(#REF!,"Pass",#REF!,"High") | E70: =COUNTIFS(#REF!,"Fail",#REF!,"High") | F70: =H70-D70-E70-G70 | G70: =COUNTIFS(#REF!,"Rejected",#REF!,"High") | H70: =$H$68 | I70: =COUNTIFS(#REF!,"Pass",#REF!,"Normal") | J70: =COUNTIFS(#REF!,"Fail",#REF!,"Normal") | K70: =M70-I70-J70-L70 | L70: =COUNTIFS(#REF!,"Rejected",#REF!,"Normal") | M70: =$M$68 | N70: =COUNTIFS(#REF!,"Pass",#REF!,"Low") | O70: =COUNTIFS(#REF!,"Fail",#REF!,"Low") | P70: =R70-N70-O70-Q70 | Q70: =COUNTIFS(#REF!,"Rejected",#REF!,"Low") | R70: =$R$68 | S70: =H70+M70+R70 | U70: =#REF!
C71: =C7 | D71: =COUNTIFS(#REF!,"Pass",#REF!,"High") | E71: =COUNTIFS(#REF!,"Fail",#REF!,"High") | F71: =H71-D71-E71-G71 | G71: =COUNTIFS(#REF!,"Rejected",#REF!,"High") | H71: =$H$68 | I71: =COUNTIFS(#REF!,"Pass",#REF!,"Normal") | J71: =COUNTIFS(#REF!,"Fail",#REF!,"Normal") | K71: =M71-I71-J71-L71 | L71: =COUNTIFS(#REF!,"Rejected",#REF!,"Normal") | M71: =$M$68 | N71: =COUNTIFS(#REF!,"Pass",#REF!,"Low") | O71: =COUNTIFS(#REF!,"Fail",#REF!,"Low") | P71: =R71-N71-O71-Q71 | Q71: =COUNTIFS(#REF!,"Rejected",#REF!,"Low") | R71: =$R$68 | S71: =H71+M71+R71 | U71: =#REF!
C72: =C8 | D72: =COUNTIFS(#REF!,"Pass",#REF!,"High") | E72: =COUNTIFS(#REF!,"Fail",#REF!,"High") | F72: =H72-D72-E72-G72 | G72: =COUNTIFS(#REF!,"Rejected",#REF!,"High") | H72: =$H$68 | I72: =COUNTIFS(#REF!,"Pass",#REF!,"Normal") | J72: =COUNTIFS(#REF!,"Fail",#REF!,"Normal") | K72: =M72-I72-J72-L72 | L72: =COUNTIFS(#REF!,"Rejected",#REF!,"Normal") | M72: =$M$68 | N72: =COUNTIFS(#REF!,"Pass",#REF!,"Low") | O72: =COUNTIFS(#REF!,"Fail",#REF!,"Low") | P72: =R72-N72-O72-Q72 | Q72: =COUNTIFS(#REF!,"Rejected",#REF!,"Low") | R72: =$R$68 | S72: =H72+M72+R72 | U72: =#REF!
C73: =C9 | D73: =COUNTIFS(#REF!,"Pass",#REF!,"High") | E73: =COUNTIFS(#REF!,"Fail",#REF!,"High") | F73: =H73-D73-E73-G73 | G73: =COUNTIFS(#REF!,"Rejected",#REF!,"High") | H73: =$H$68 | I73: =COUNTIFS(#REF!,"Pass",#REF!,"Normal") | J73: =COUNTIFS(#REF!,"Fail",#REF!,"Normal") | K73: =M73-I73-J73-L73 | L73: =COUNTIFS(#REF!,"Rejected",#REF!,"Normal") | M73: =$M$68 | N73: =COUNTIFS(#REF!,"Pass",#REF!,"Low") | O73: =COUNTIFS(#REF!,"Fail",#REF!,"Low") | P73: =R73-N73-O73-Q73 | Q73: =COUNTIFS(#REF!,"Rejected",#REF!,"Low") | R73: =$R$68 | S73: =H73+M73+R73 | U73: =#REF!
A74: 5 | B74: =#REF! | C74: =C4 | D74: =COUNTIFS(#REF!,"Pass",#REF!,"High") | E74: =COUNTIFS(#REF!,"Fail",#REF!,"High") | F74: =H74-D74-E74-G74 | G74: =COUNTIFS(#REF!,"Rejected",#REF!,"High") | H74: =#REF! | I74: =COUNTIFS(#REF!,"Pass",#REF!,"Normal") | J74: =COUNTIFS(#REF!,"Fail",#REF!,"Normal") | K74: =M74-I74-J74-L74 | L74: =COUNTIFS(#REF!,"Rejected",#REF!,"Normal") | M74: =#REF! | N74: =COUNTIFS(#REF!,"Pass",#REF!,"Low") | O74: =COUNTIFS(#REF!,"Fail",#REF!,"Low") | P74: =R74-N74-O74-Q74 | Q74: =COUNTIFS(#REF!,"Rejected",#REF!,"Low") | R74: =#REF! | S74: =H74+M74+R74 | T74: =#REF! | U74: =#REF!
C75: =C5 | D75: =COUNTIFS(#REF!,"Pass",#REF!,"High") | E75: =COUNTIFS(#REF!,"Fail",#REF!,"High") | F75: =H75-D75-E75-G75 | G75: =COUNTIFS(#REF!,"Rejected",#REF!,"High") | H75: =$H$74 | I75: =COUNTIFS(#REF!,"Pass",#REF!,"Normal") | J75: =COUNTIFS(#REF!,"Fail",#REF!,"Normal") | K75: =M75-I75-J75-L75 | L75: =COUNTIFS(#REF!,"Rejected",#REF!,"Normal") | M75: =$M$74 | N75: =COUNTIFS(#REF!,"Pass",#REF!,"Low") | O75: =COUNTIFS(#REF!,"Fail",#REF!,"Low") | P75: =R75-N75-O75-Q75 | Q75: =COUNTIFS(#REF!,"Rejected",#REF!,"Low") | R75: =$R$74 | S75: =H75+M75+R75 | U75: =#REF!
C76: =C6 | D76: =COUNTIFS(#REF!,"Pass",#REF!,"High") | E76: =COUNTIFS(#REF!,"Fail",#REF!,"High") | F76: =H76-D76-E76-G76 | G76: =COUNTIFS(#REF!,"Rejected",#REF!,"High") | H76: =$H$74 | I76: =COUNTIFS(#REF!,"Pass",#REF!,"Normal") | J76: =COUNTIFS(#REF!,"Fail",#REF!,"Normal") | K76: =M76-I76-J76-L76 | L76: =COUNTIFS(#REF!,"Rejected",#REF!,"Normal") | M76: =$M$74 | N76: =COUNTIFS(#REF!,"Pass",#REF!,"Low") | O76: =COUNTIFS(#REF!,"Fail",#REF!,"Low") | P76: =R76-N76-O76-Q76 | Q76: =COUNTIFS(#REF!,"Rejected",#REF!,"Low") | R76: =$R$74 | S76: =H76+M76+R76 | U76: =#REF!
C77: =C7 | D77: =COUNTIFS(#REF!,"Pass",#REF!,"High") | E77: =COUNTIFS(#REF!,"Fail",#REF!,"High") | F77: =H77-D77-E77-G77 | G77: =COUNTIFS(#REF!,"Rejected",#REF!,"High") | H77: =$H$74 | I77: =COUNTIFS(#REF!,"Pass",#REF!,"Normal") | J77: =COUNTIFS(#REF!,"Fail",#REF!,"Normal") | K77: =M77-I77-J77-L77 | L77: =COUNTIFS(#REF!,"Rejected",#REF!,"Normal") | M77: =$M$74 | N77: =COUNTIFS(#REF!,"Pass",#REF!,"Low") | O77: =COUNTIFS(#REF!,"Fail",#REF!,"Low") | P77: =R77-N77-O77-Q77 | Q77: =COUNTIFS(#REF!,"Rejected",#REF!,"Low") | R77: =$R$74 | S77: =H77+M77+R77 | U77: =#REF!
C78: =C8 | D78: =COUNTIFS(#REF!,"Pass",#REF!,"High") | E78: =COUNTIFS(#REF!,"Fail",#REF!,"High") | F78: =H78-D78-E78-G78 | G78: =COUNTIFS(#REF!,"Rejected",#REF!,"High") | H78: =$H$74 | I78: =COUNTIFS(#REF!,"Pass",#REF!,"Normal") | J78: =COUNTIFS(#REF!,"Fail",#REF!,"Normal") | K78: =M78-I78-J78-L78 | L78: =COUNTIFS(#REF!,"Rejected",#REF!,"Normal") | M78: =$M$74 | N78: =COUNTIFS(#REF!,"Pass",#REF!,"Low") | O78: =COUNTIFS(#REF!,"Fail",#REF!,"Low") | P78: =R78-N78-O78-Q78 | Q78: =COUNTIFS(#REF!,"Rejected",#REF!,"Low") | R78: =$R$74 | S78: =H78+M78+R78 | U78: =#REF!
C79: =C9 | D79: =COUNTIFS(#REF!,"Pass",#REF!,"High") | E79: =COUNTIFS(#REF!,"Fail",#REF!,"High") | F79: =H79-D79-E79-G79 | G79: =COUNTIFS(#REF!,"Rejected",#REF!,"High") | H79: =$H$74 | I79: =COUNTIFS(#REF!,"Pass",#REF!,"Normal") | J79: =COUNTIFS(#REF!,"Fail",#REF!,"Normal") | K79: =M79-I79-J79-L79 | L79: =COUNTIFS(#REF!,"Rejected",#REF!,"Normal") | M79: =$M$74 | N79: =COUNTIFS(#REF!,"Pass",#REF!,"Low") | O79: =COUNTIFS(#REF!,"Fail",#REF!,"Low") | P79: =R79-N79-O79-Q79 | Q79: =COUNTIFS(#REF!,"Rejected",#REF!,"Low") | R79: =$R$74 | S79: =H79+M79+R79 | U79: =#REF!
A80: 6 | B80: =#REF! | C80: =C4 | D80: =COUNTIFS(#REF!,"Pass",#REF!,"High") | E80: =COUNTIFS(#REF!,"Fail",#REF!,"High") | F80: =H80-D80-E80-G80 | G80: =COUNTIFS(#REF!,"Rejected",#REF!,"High") | H80: =#REF! | I80: =COUNTIFS(#REF!,"Pass",#REF!,"Normal") | J80: =COUNTIFS(#REF!,"Fail",#REF!,"Normal") | K80: =M80-I80-J80-L80 | L80: =COUNTIFS(#REF!,"Rejected",#REF!,"Normal") | M80: =#REF! | N80: =COUNTIFS(#REF!,"Pass",#REF!,"Low") | O80: =COUNTIFS(#REF!,"Fail",#REF!,"Low") | P80: =R80-N80-O80-Q80 | Q80: =COUNTIFS(#REF!,"Rejected",#REF!,"Low") | R80: =#REF! | S80: =H80+M80+R80 | T80: =#REF! | U80: =#REF!
C81: =C5 | D81: =COUNTIFS(#REF!,"Pass",#REF!,"High") | E81: =COUNTIFS(#REF!,"Fail",#REF!,"High") | F81: =H81-D81-E81-G81 | G81: =COUNTIFS(#REF!,"Rejected",#REF!,"High") | H81: =$H$80 | I81: =COUNTIFS(#REF!,"Pass",#REF!,"Normal") | J81: =COUNTIFS(#REF!,"Fail",#REF!,"Normal") | K81: =M81-I81-J81-L81 | L81: =COUNTIFS(#REF!,"Rejected",#REF!,"Normal") | M81: =$M$80 | N81: =COUNTIFS(#REF!,"Pass",#REF!,"Low") | O81: =COUNTIFS(#REF!,"Fail",#REF!,"Low") | P81: =R81-N81-O81-Q81 | Q81: =COUNTIFS(#REF!,"Rejected",#REF!,"Low") | R81: =$R$80 | S81: =H81+M81+R81 | U81: =#REF!
C82: =C6 | D82: =COUNTIFS(#REF!,"Pass",#REF!,"High") | E82: =COUNTIFS(#REF!,"Fail",#REF!,"High") | F82: =H82-D82-E82-G82 | G82: =COUNTIFS(#REF!,"Rejected",#REF!,"High") | H82: =$H$80 | I82: =COUNTIFS(#REF!,"Pass",#REF!,"Normal") | J82: =COUNTIFS(#REF!,"Fail",#REF!,"Normal") | K82: =M82-I82-J82-L82 | L82: =COUNTIFS(#REF!,"Rejected",#REF!,"Normal") | M82: =$M$80 | N82: =COUNTIFS(#REF!,"Pass",#REF!,"Low") | O82: =COUNTIFS(#REF!,"Fail",#REF!,"Low") | P82: =R82-N82-O82-Q82 | Q82: =COUNTIFS(#REF!,"Rejected",#REF!,"Low") | R82: =$R$80 | S82: =H82+M82+R82 | U82: =#REF!
C83: =C7 | D83: =COUNTIFS(#REF!,"Pass",#REF!,"High") | E83: =COUNTIFS(#REF!,"Fail",#REF!,"High") | F83: =H83-D83-E83-G83 | G83: =COUNTIFS(#REF!,"Rejected",#REF!,"High") | H83: =$H$80 | I83: =COUNTIFS(#REF!,"Pass",#REF!,"Normal") | J83: =COUNTIFS(#REF!,"Fail",#REF!,"Normal") | K83: =M83-I83-J83-L83 | L83: =COUNTIFS(#REF!,"Rejected",#REF!,"Normal") | M83: =$M$80 | N83: =COUNTIFS(#REF!,"Pass",#REF!,"Low") | O83: =COUNTIFS(#REF!,"Fail",#REF!,"Low") | P83: =R83-N83-O83-Q83 | Q83: =COUNTIFS(#REF!,"Rejected",#REF!,"Low") | R83: =$R$80 | S83: =H83+M83+R83 | U83: =#REF!
C84: =C8 | D84: =COUNTIFS(#REF!,"Pass",#REF!,"High") | E84: =COUNTIFS(#REF!,"Fail",#REF!,"High") | F84: =H84-D84-E84-G84 | G84: =COUNTIFS(#REF!,"Rejected",#REF!,"High") | H84: =$H$80 | I84: =COUNTIFS(#REF!,"Pass",#REF!,"Normal") | J84: =COUNTIFS(#REF!,"Fail",#REF!,"Normal") | K84: =M84-I84-J84-L84 | L84: =COUNTIFS(#REF!,"Rejected",#REF!,"Normal") | M84: =$M$80 | N84: =COUNTIFS(#REF!,"Pass",#REF!,"Low") | O84: =COUNTIFS(#REF!,"Fail",#REF!,"Low") | P84: =R84-N84-O84-Q84 | Q84: =COUNTIFS(#REF!,"Rejected",#REF!,"Low") | R84: =$R$80 | S84: =H84+M84+R84 | U84: =#REF!
C85: =C9 | D85: =COUNTIFS(#REF!,"Pass",#REF!,"High") | E85: =COUNTIFS(#REF!,"Fail",#REF!,"High") | F85: =H85-D85-E85-G85 | G85: =COUNTIFS(#REF!,"Rejected",#REF!,"High") | H85: =$H$80 | I85: =COUNTIFS(#REF!,"Pass",#REF!,"Normal") | J85: =COUNTIFS(#REF!,"Fail",#REF!,"Normal") | K85: =M85-I85-J85-L85 | L85: =COUNTIFS(#REF!,"Rejected",#REF!,"Normal") | M85: =$M$80 | N85: =COUNTIFS(#REF!,"Pass",#REF!,"Low") | O85: =COUNTIFS(#REF!,"Fail",#REF!,"Low") | P85: =R85-N85-O85-Q85 | Q85: =COUNTIFS(#REF!,"Rejected",#REF!,"Low") | R85: =$R$80 | S85: =H85+M85+R85 | U85: =#REF!
A86: 7 | B86: =#REF! | C86: =C4 | D86: =COUNTIFS(#REF!,"Pass",#REF!,"High") | E86: =COUNTIFS(#REF!,"Fail",#REF!,"High") | F86: =H86-D86-E86-G86 | G86: =COUNTIFS(#REF!,"Rejected",#REF!,"High") | H86: =#REF! | I86: =COUNTIFS(#REF!,"Pass",#REF!,"Normal") | J86: =COUNTIFS(#REF!,"Fail",#REF!,"Normal") | K86: =M86-I86-J86-L86 | L86: =COUNTIFS(#REF!,"Rejected",#REF!,"Normal") | M86: =#REF! | N86: =COUNTIFS(#REF!,"Pass",#REF!,"Low") | O86: =COUNTIFS(#REF!,"Fail",#REF!,"Low") | P86: =R86-N86-O86-Q86 | Q86: =COUNTIFS(#REF!,"Rejected",#REF!,"Low") | R86: =#REF! | S86: =H86+M86+R86 | T86: =#REF! | U86: =#REF!
C87: =C5 | D87: =COUNTIFS(#REF!,"Pass",#REF!,"High") | E87: =COUNTIFS(#REF!,"Fail",#REF!,"High") | F87: =H87-D87-E87-G87 | G87: =COUNTIFS(#REF!,"Rejected",#REF!,"High") | H87: =$H$86 | I87: =COUNTIFS(#REF!,"Pass",#REF!,"Normal") | J87: =COUNTIFS(#REF!,"Fail",#REF!,"Normal") | K87: =M87-I87-J87-L87 | L87: =COUNTIFS(#REF!,"Rejected",#REF!,"Normal") | M87: =$M$86 | N87: =COUNTIFS(#REF!,"Pass",#REF!,"Low") | O87: =COUNTIFS(#REF!,"Fail",#REF!,"Low") | P87: =R87-N87-O87-Q87 | Q87: =COUNTIFS(#REF!,"Rejected",#REF!,"Low") | R87: =$R$86 | S87: =H87+M87+R87 | U87: =#REF!
C88: =C6 | D88: =COUNTIFS(#REF!,"Pass",#REF!,"High") | E88: =COUNTIFS(#REF!,"Fail",#REF!,"High") | F88: =H88-D88-E88-G88 | G88: =COUNTIFS(#REF!,"Rejected",#REF!,"High") | H88: =$H$86 | I88: =COUNTIFS(#REF!,"Pass",#REF!,"Normal") | J88: =COUNTIFS(#REF!,"Fail",#REF!,"Normal") | K88: =M88-I88-J88-L88 | L88: =COUNTIFS(#REF!,"Rejected",#REF!,"Normal") | M88: =$M$86 | N88: =COUNTIFS(#REF!,"Pass",#REF!,"Low") | O88: =COUNTIFS(#REF!,"Fail",#REF!,"Low") | P88: =R88-N88-O88-Q88 | Q88: =COUNTIFS(#REF!,"Rejected",#REF!,"Low") | R88: =$R$86 | S88: =H88+M88+R88 | U88: =#REF!
C89: =C7 | D89: =COUNTIFS(#REF!,"Pass",#REF!,"High") | E89: =COUNTIFS(#REF!,"Fail",#REF!,"High") | F89: =H89-D89-E89-G89 | G89: =COUNTIFS(#REF!,"Rejected",#REF!,"High") | H89: =$H$86 | I89: =COUNTIFS(#REF!,"Pass",#REF!,"Normal") | J89: =COUNTIFS(#REF!,"Fail",#REF!,"Normal") | K89: =M89-I89-J89-L89 | L89: =COUNTIFS(#REF!,"Rejected",#REF!,"Normal") | M89: =$M$86 | N89: =COUNTIFS(#REF!,"Pass",#REF!,"Low") | O89: =COUNTIFS(#REF!,"Fail",#REF!,"Low") | P89: =R89-N89-O89-Q89 | Q89: =COUNTIFS(#REF!,"Rejected",#REF!,"Low") | R89: =$R$86 | S89: =H89+M89+R89 | U89: =#REF!
C90: =C8 | D90: =COUNTIFS(#REF!,"Pass",#REF!,"High") | E90: =COUNTIFS(#REF!,"Fail",#REF!,"High") | F90: =H90-D90-E90-G90 | G90: =COUNTIFS(#REF!,"Rejected",#REF!,"High") | H90: =$H$86 | I90: =COUNTIFS(#REF!,"Pass",#REF!,"Normal") | J90: =COUNTIFS(#REF!,"Fail",#REF!,"Normal") | K90: =M90-I90-J90-L90 | L90: =COUNTIFS(#REF!,"Rejected",#REF!,"Normal") | M90: =$M$86 | N90: =COUNTIFS(#REF!,"Pass",#REF!,"Low") | O90: =COUNTIFS(#REF!,"Fail",#REF!,"Low") | P90: =R90-N90-O90-Q90 | Q90: =COUNTIFS(#REF!,"Rejected",#REF!,"Low") | R90: =$R$86 | S90: =H90+M90+R90 | U90: =#REF!
C91: =C9 | D91: =COUNTIFS(#REF!,"Pass",#REF!,"High") | E91: =COUNTIFS(#REF!,"Fail",#REF!,"High") | F91: =H91-D91-E91-G91 | G91: =COUNTIFS(#REF!,"Rejected",#REF!,"High") | H91: =$H$86 | I91: =COUNTIFS(#REF!,"Pass",#REF!,"Normal") | J91: =COUNTIFS(#REF!,"Fail",#REF!,"Normal") | K91: =M91-I91-J91-L91 | L91: =COUNTIFS(#REF!,"Rejected",#REF!,"Normal") | M91: =$M$86 | N91: =COUNTIFS(#REF!,"Pass",#REF!,"Low") | O91: =COUNTIFS(#REF!,"Fail",#REF!,"Low") | P91: =R91-N91-O91-Q91 | Q91: =COUNTIFS(#REF!,"Rejected",#REF!,"Low") | R91: =$R$86 | S91: =H91+M91+R91 | U91: =#REF!
B92: … | C92: … | D92: .. | E92: .. | F92: ..
A95: Round 2 in detail
D96: High | I96: Normal | N96: Low | S96: Total TC | T96: Creator | U96: Tester | V96: Note
A97: No | B97: Module/Function | C97: Environment | D97: Pass | E97: Fail | F97: Untested | G97: Rejected | H97: Total | I97: Pass | J97: Fail | K97: Untested | L97: Rejected | M97: Total | N97: Pass | O97: Fail | P97: Untested | Q97: Rejected | R97: Total
A98: 1 | B98: ='Module 1'!B1 | C98: =C4 | D98: =COUNTIFS('Module 1'!AC12:AC698,"Pass",'Module 1'!H12:H698,"High") | E98: =COUNTIFS('Module 1'!AC12:AC698,"Fail",'Module 1'!H12:H698,"High") | F98: =H98-D98-E98-G98 | G98: =COUNTIFS('Module 1'!AC12:AC698,"Rejected",'Module 1'!H12:H698,"High") | H98: ='Module 1'!H3 | I98: =COUNTIFS('Module 1'!AC12:AC698,"Pass",'Module 1'!H12:H698,"Normal") | J98: =COUNTIFS('Module 1'!AC12:AC698,"Fail",'Module 1'!H12:H698,"Normal") | K98: =M98-I98-J98-L98 | L98: =COUNTIFS('Module 1'!AC12:AC698,"Rejected",'Module 1'!H12:H698,"Normal") | M98: ='Module 1'!I3 | N98: =COUNTIFS('Module 1'!AC12:AC698,"Pass",'Module 1'!H12:H698,"Low") | O98: =COUNTIFS('Module 1'!AC12:AC698,"Fail",'Module 1'!H12:H698,"Low") | P98: =R98-N98-O98-Q98 | Q98: =COUNTIFS('Module 1'!AC12:AC698,"Rejected",'Module 1'!H12:H698,"Low") | R98: ='Module 1'!J3 | S98: =H98+M98+R98 | T98: ='Module 1'!E1 | U98: ='Module 1'!AG12
C99: =C5 | D99: =COUNTIFS('Module 1'!AF12:AF698,"Pass",'Module 1'!H12:H698,"High") | E99: =COUNTIFS('Module 1'!AF12:AF698,"Fail",'Module 1'!H12:H698,"High") | F99: =H99-D99-E99-G99 | G99: =COUNTIFS('Module 1'!AF12:AF698,"Rejected",'Module 1'!H12:H698,"High") | H99: =$H$98 | I99: =COUNTIFS('Module 1'!AF12:AF698,"Pass",'Module 1'!H12:H698,"Normal") | J99: =COUNTIFS('Module 1'!AF12:AF698,"Fail",'Module 1'!H12:H698,"Normal") | K99: =M99-I99-J99-L99 | L99: =COUNTIFS('Module 1'!AF12:AF698,"Rejected",'Module 1'!H12:H698,"Normal") | M99: =$M$98 | N99: =COUNTIFS('Module 1'!AF12:AF698,"Pass",'Module 1'!H12:H698,"Low") | O99: =COUNTIFS('Module 1'!AF12:AF698,"Fail",'Module 1'!H12:H698,"Low") | P99: =R99-N99-O99-Q99 | Q99: =COUNTIFS('Module 1'!AF12:AF698,"Rejected",'Module 1'!H12:H698,"Low") | R99: =$R$98 | S99: =H99+M99+R99 | U99: ='Module 1'!AJ12
C100: =C6 | D100: =COUNTIFS('Module 1'!AI12:AI698,"Pass",'Module 1'!H12:H698,"High") | E100: =COUNTIFS('Module 1'!AI12:AI698,"Fail",'Module 1'!H12:H698,"High") | F100: =H100-D100-E100-G100 | G100: =COUNTIFS('Module 1'!AI12:AI698,"Rejected",'Module 1'!H12:H698,"High") | H100: =$H$98 | I100: =COUNTIFS('Module 1'!AI12:AI698,"Pass",'Module 1'!H12:H698,"Normal") | J100: =COUNTIFS('Module 1'!AI12:AI698,"Fail",'Module 1'!H12:H698,"Normal") | K100: =M100-I100-J100-L100 | L100: =COUNTIFS('Module 1'!AI12:AI698,"Rejected",'Module 1'!H12:H698,"Normal") | M100: =$M$98 | N100: =COUNTIFS('Module 1'!AI12:AI698,"Pass",'Module 1'!H12:H698,"Low") | O100: =COUNTIFS('Module 1'!AI12:AI698,"Fail",'Module 1'!H12:H698,"Low") | P100: =R100-N100-O100-Q100 | Q100: =COUNTIFS('Module 1'!AI12:AI698,"Rejected",'Module 1'!H12:H698,"Low") | R100: =$R$98 | S100: =H100+M100+R100 | U100: ='Module 1'!AM12
C101: =C7 | D101: =COUNTIFS('Module 1'!AL12:AL698,"Pass",'Module 1'!H12:H698,"High") | E101: =COUNTIFS('Module 1'!AL12:AL698,"Fail",'Module 1'!H12:H698,"High") | F101: =H101-D101-E101-G101 | G101: =COUNTIFS('Module 1'!AL12:AL698,"Rejected",'Module 1'!H12:H698,"High") | H101: =$H$98 | I101: =COUNTIFS('Module 1'!AL12:AL698,"Pass",'Module 1'!H12:H698,"Normal") | J101: =COUNTIFS('Module 1'!AL12:AL698,"Fail",'Module 1'!H12:H698,"Normal") | K101: =M101-I101-J101-L101 | L101: =COUNTIFS('Module 1'!AL12:AL698,"Rejected",'Module 1'!H12:H698,"Normal") | M101: =$M$98 | N101: =COUNTIFS('Module 1'!AL12:AL698,"Pass",'Module 1'!H12:H698,"Low") | O101: =COUNTIFS('Module 1'!AL12:AL698,"Fail",'Module 1'!H12:H698,"Low") | P101: =R101-N101-O101-Q101 | Q101: =COUNTIFS('Module 1'!AL12:AL698,"Rejected",'Module 1'!H12:H698,"Low") | R101: =$R$98 | S101: =H101+M101+R101 | U101: ='Module 1'!AP12
C102: =C8 | D102: =COUNTIFS('Module 1'!AO12:AO698,"Pass",'Module 1'!H12:H698,"High") | E102: =COUNTIFS('Module 1'!AO12:AO698,"Fail",'Module 1'!H12:H698,"High") | F102: =H102-D102-E102-G102 | G102: =COUNTIFS('Module 1'!AO12:AO698,"Rejected",'Module 1'!H12:H698,"High") | H102: =$H$98 | I102: =COUNTIFS('Module 1'!AO12:AO698,"Pass",'Module 1'!H12:H698,"Normal") | J102: =COUNTIFS('Module 1'!AO12:AO698,"Fail",'Module 1'!H12:H698,"Normal") | K102: =M102-I102-J102-L102 | L102: =COUNTIFS('Module 1'!AO12:AO698,"Rejected",'Module 1'!H12:H698,"Normal") | M102: =$M$98 | N102: =COUNTIFS('Module 1'!AO12:AO698,"Pass",'Module 1'!H12:H698,"Low") | O102: =COUNTIFS('Module 1'!AO12:AO698,"Fail",'Module 1'!H12:H698,"Low") | P102: =R102-N102-O102-Q102 | Q102: =COUNTIFS('Module 1'!AO12:AO698,"Rejected",'Module 1'!H12:H698,"Low") | R102: =$R$98 | S102: =H102+M102+R102 | U102: ='Module 1'!AS12
C103: =C9 | D103: =COUNTIFS('Module 1'!AR12:AR698,"Pass",'Module 1'!H12:H698,"High") | E103: =COUNTIFS('Module 1'!AR12:AR698,"Fail",'Module 1'!H12:H698,"High") | F103: =H103-D103-E103-G103 | G103: =COUNTIFS('Module 1'!AR12:AR698,"Rejected",'Module 1'!H12:H698,"High") | H103: =$H$98 | I103: =COUNTIFS('Module 1'!AR12:AR698,"Pass",'Module 1'!H12:H698,"Normal") | J103: =COUNTIFS('Module 1'!AR12:AR698,"Fail",'Module 1'!H12:H698,"Normal") | K103: =M103-I103-J103-L103 | L103: =COUNTIFS('Module 1'!AR12:AR698,"Rejected",'Module 1'!H12:H698,"Normal") | M103: =$M$98 | N103: =COUNTIFS('Module 1'!AR12:AR698,"Pass",'Module 1'!H12:H698,"Low") | O103: =COUNTIFS('Module 1'!AR12:AR698,"Fail",'Module 1'!H12:H698,"Low") | P103: =R103-N103-O103-Q103 | Q103: =COUNTIFS('Module 1'!AR12:AR698,"Rejected",'Module 1'!H12:H698,"Low") | R103: =$R$98 | S103: =H103+M103+R103 | U103: =#REF!
A104: 2 | B104: =B56 | C104: =C4 | D104: =COUNTIFS(#REF!,"Pass",#REF!,"High") | E104: =COUNTIFS(#REF!,"Fail",#REF!,"High") | F104: =H104-D104-E104-G104 | G104: =COUNTIFS(#REF!,"Rejected",#REF!,"High") | H104: =#REF! | I104: =COUNTIFS(#REF!,"Pass",#REF!,"Normal") | J104: =COUNTIFS(#REF!,"Fail",#REF!,"Normal") | K104: =M104-I104-J104-L104 | L104: =COUNTIFS(#REF!,"Rejected",#REF!,"Normal") | M104: =#REF! | N104: =COUNTIFS(#REF!,"Pass",#REF!,"Low") | O104: =COUNTIFS(#REF!,"Fail",#REF!,"Low") | P104: =R104-N104-O104-Q104 | Q104: =COUNTIFS(#REF!,"Rejected",#REF!,"Low") | R104: =#REF! | S104: =H104+M104+R104 | T104: =#REF! | U104: =#REF!
C105: =C5 | D105: =COUNTIFS(#REF!,"Pass",#REF!,"High") | E105: =COUNTIFS(#REF!,"Fail",#REF!,"High") | F105: =H105-D105-E105-G105 | G105: =COUNTIFS(#REF!,"Rejected",#REF!,"High") | H105: =$H$104 | I105: =COUNTIFS(#REF!,"Pass",#REF!,"Normal") | J105: =COUNTIFS(#REF!,"Fail",#REF!,"Normal") | K105: =M105-I105-J105-L105 | L105: =COUNTIFS(#REF!,"Rejected",#REF!,"Normal") | M105: =$M$104 | N105: =COUNTIFS(#REF!,"Pass",#REF!,"Low") | O105: =COUNTIFS(#REF!,"Fail",#REF!,"Low") | P105: =R105-N105-O105-Q105 | Q105: =COUNTIFS(#REF!,"Rejected",#REF!,"Low") | R105: =$R$104 | S105: =H105+M105+R105 | U105: =#REF!
C106: =C6 | D106: =COUNTIFS(#REF!,"Pass",#REF!,"High") | E106: =COUNTIFS(#REF!,"Fail",#REF!,"High") | F106: =H106-D106-E106-G106 | G106: =COUNTIFS(#REF!,"Rejected",#REF!,"High") | H106: =$H$104 | I106: =COUNTIFS(#REF!,"Pass",#REF!,"Normal") | J106: =COUNTIFS(#REF!,"Fail",#REF!,"Normal") | K106: =M106-I106-J106-L106 | L106: =COUNTIFS(#REF!,"Rejected",#REF!,"Normal") | M106: =$M$104 | N106: =COUNTIFS(#REF!,"Pass",#REF!,"Low") | O106: =COUNTIFS(#REF!,"Fail",#REF!,"Low") | P106: =R106-N106-O106-Q106 | Q106: =COUNTIFS(#REF!,"Rejected",#REF!,"Low") | R106: =$R$104 | S106: =H106+M106+R106 | U106: =#REF!
C107: =C7 | D107: =COUNTIFS(#REF!,"Pass",#REF!,"High") | E107: =COUNTIFS(#REF!,"Fail",#REF!,"High") | F107: =H107-D107-E107-G107 | G107: =COUNTIFS(#REF!,"Rejected",#REF!,"High") | H107: =$H$104 | I107: =COUNTIFS(#REF!,"Pass",#REF!,"Normal") | J107: =COUNTIFS(#REF!,"Fail",#REF!,"Normal") | K107: =M107-I107-J107-L107 | L107: =COUNTIFS(#REF!,"Rejected",#REF!,"Normal") | M107: =$M$104 | N107: =COUNTIFS(#REF!,"Pass",#REF!,"Low") | O107: =COUNTIFS(#REF!,"Fail",#REF!,"Low") | P107: =R107-N107-O107-Q107 | Q107: =COUNTIFS(#REF!,"Rejected",#REF!,"Low") | R107: =$R$104 | S107: =H107+M107+R107 | U107: =#REF!
C108: =C8 | D108: =COUNTIFS(#REF!,"Pass",#REF!,"High") | E108: =COUNTIFS(#REF!,"Fail",#REF!,"High") | F108: =H108-D108-E108-G108 | G108: =COUNTIFS(#REF!,"Rejected",#REF!,"High") | H108: =$H$104 | I108: =COUNTIFS(#REF!,"Pass",#REF!,"Normal") | J108: =COUNTIFS(#REF!,"Fail",#REF!,"Normal") | K108: =M108-I108-J108-L108 | L108: =COUNTIFS(#REF!,"Rejected",#REF!,"Normal") | M108: =$M$104 | N108: =COUNTIFS(#REF!,"Pass",#REF!,"Low") | O108: =COUNTIFS(#REF!,"Fail",#REF!,"Low") | P108: =R108-N108-O108-Q108 | Q108: =COUNTIFS(#REF!,"Rejected",#REF!,"Low") | R108: =$R$104 | S108: =H108+M108+R108 | U108: =#REF!
C109: =C9 | D109: =COUNTIFS(#REF!,"Pass",#REF!,"High") | E109: =COUNTIFS(#REF!,"Fail",#REF!,"High") | F109: =H109-D109-E109-G109 | G109: =COUNTIFS(#REF!,"Rejected",#REF!,"High") | H109: =$H$104 | I109: =COUNTIFS(#REF!,"Pass",#REF!,"Normal") | J109: =COUNTIFS(#REF!,"Fail",#REF!,"Normal") | K109: =M109-I109-J109-L109 | L109: =COUNTIFS(#REF!,"Rejected",#REF!,"Normal") | M109: =$M$104 | N109: =COUNTIFS(#REF!,"Pass",#REF!,"Low") | O109: =COUNTIFS(#REF!,"Fail",#REF!,"Low") | P109: =R109-N109-O109-Q109 | Q109: =COUNTIFS(#REF!,"Rejected",#REF!,"Low") | R109: =$R$104 | S109: =H109+M109+R109 | U109: =#REF!
...

Sheet Module 1
A1: Module: | B1: MODULE-NAME | D1: Creator: | G1: Environment | H1: Priority | L1: Round 1 | R1: Round 2 | X1: Round 3
A2: Project name: | B2: =Cover!D3 | D2: Created date: | H2: High | I2: Normal | J2: Low | K2: Total | L2: Pass | M2: Fail | N2: Untested | O2: Rejected | P2: % coverage | Q2: Pass coverage | R2: Pass | S2: Fail | T2: Untested | U2: Rejected | V2: % coverage | W2: Pass coverage | X2: Pass | Y2: Fail | Z2: Untested | AA2: Rejected | AB2: % coverage | AC2: Pass coverage
A3: Phase: | B3: =Cover!D4 | D3: Created time: | E3: 0 | G3: =Report!C4 | H3: =COUNTIF(H12:H10000,"High") | I3: =COUNTIF(H12:H10000,"Normal") | J3: =COUNTIF(H12:H10000,"Low") | K3: =SUM(H3:J3) | L3: =COUNTIF(J12:J10000,"Pass") | M3: =COUNTIF(J12:J10000,"Fail") | N3: =$K$3-L3-M3-O3 | O3: =COUNTIF(J12:J10000,"Rejected") | P3: =(L3+M3)/($K$3-O3) | Q3: =L3/$K$3 | R3: =COUNTIF(AC12:AC10000,"Pass") | S3: =COUNTIF(AC12:AC10000,"Fail") | T3: =$K$3-R3-S3-U3 | U3: =COUNTIF(AC12:AC10000,"Rejected") | V3: =(R3+S3)/($K$3-U3) | W3: =R3/$K$3 | X3: =COUNTIF(AV12:AV10000,"Pass") | Y3: =COUNTIF(AV12:AV10000,"Fail") | Z3: =$K$3-X3-Y3-AA3 | AA3: =COUNTIF(AV12:AV10000,"Rejected") | AB3: =(X3+Y3)/($K$3-AA3) | AC3: =X3/$K$3
G4: =Report!C5 | L4: =COUNTIF(M12:M10000,"Pass") | M4: =COUNTIF(M12:M10000,"Fail") | N4: =$K$3-L4-M4-O4 | O4: =COUNTIF(M12:M10000,"Rejected") | P4: =(L4+M4)/($K$3-O4) | Q4: =L4/$K$3 | R4: =COUNTIF(AF12:AF10000,"Pass") | S4: =COUNTIF(AF12:AF10000,"Fail") | T4: =$K$3-R4-S4-U4 | U4: =COUNTIF(AF12:AF10000,"Rejected") | V4: =(R4+S4)/($K$3-U4) | W4: =R4/$K$3 | X4: =COUNTIF(AY12:AY10000,"Pass") | Y4: =COUNTIF(AY12:AY10000,"Fail") | Z4: =$K$3-X4-Y4-AA4 | AA4: =COUNTIF(AY12:AY10000,"Rejected") | AB4: =(X4+Y4)/($K$3-AA4) | AC4: =X4/$K$3
G5: =Report!C6 | L5: =COUNTIF(P12:P10000,"Pass") | M5: =COUNTIF(P12:P10000,"Fail") | N5: =$K$3-L5-M5-O5 | O5: =COUNTIF(P12:P10000,"Rejected") | P5: =(L5+M5)/($K$3-O5) | Q5: =L5/$K$3 | R5: =COUNTIF(AI12:AI10000,"Pass") | S5: =COUNTIF(AI12:AI10000,"Fail") | T5: =$K$3-R5-S5-U5 | U5: =COUNTIF(AI12:AI10000,"Rejected") | V5: =(R5+S5)/($K$3-U5) | W5: =R5/$K$3 | X5: =COUNTIF(BB12:BB10000,"Pass") | Y5: =COUNTIF(BB12:BB10000,"Fail") | Z5: =$K$3-X5-Y5-AA5 | AA5: =COUNTIF(BB12:BB10000,"Rejected") | AB5: =(X5+Y5)/($K$3-AA5) | AC5: =X5/$K$3
G6: =Report!C7 | L6: =COUNTIF(S12:S10000,"Pass") | M6: =COUNTIF(S12:S10000,"Fail") | N6: =$K$3-L6-M6-O6 | O6: =COUNTIF(S12:S10000,"Rejected") | P6: =(L6+M6)/($K$3-O6) | Q6: =L6/$K$3 | R6: =COUNTIF(AL12:AL10000,"Pass") | S6: =COUNTIF(AL12:AL10000,"Fail") | T6: =$K$3-R6-S6-U6 | U6: =COUNTIF(AL12:AL10000,"Rejected") | V6: =(R6+S6)/($K$3-U6) | W6: =R6/$K$3 | X6: =COUNTIF(BE12:BE10000,"Pass") | Y6: =COUNTIF(BE12:BE10000,"Fail") | Z6: =$K$3-X6-Y6-AA6 | AA6: =COUNTIF(BE12:BE10000,"Rejected") | AB6: =(X6+Y6)/($K$3-AA6) | AC6: =X6/$K$3
G7: =Report!C8 | L7: =COUNTIF(V12:V10000,"Pass") | M7: =COUNTIF(V12:V10000,"Fail") | N7: =$K$3-L7-M7-O7 | O7: =COUNTIF(V12:V10000,"Rejected") | P7: =(L7+M7)/($K$3-O7) | Q7: =L7/$K$3 | R7: =COUNTIF(AO12:AO10000,"Pass") | S7: =COUNTIF(AO12:AO10000,"Fail") | T7: =$K$3-R7-S7-U7 | U7: =COUNTIF(AO12:AO10000,"Rejected") | V7: =(R7+S7)/($K$3-U7) | W7: =R7/$K$3 | X7: =COUNTIF(BH12:BH10000,"Pass") | Y7: =COUNTIF(BH12:BH10000,"Fail") | Z7: =$K$3-X7-Y7-AA7 | AA7: =COUNTIF(BH12:BH10000,"Rejected") | AB7: =(X7+Y7)/($K$3-AA7) | AC7: =X7/$K$3
G8: =Report!C9 | L8: =COUNTIF(Y12:Y10000,"Pass") | M8: =COUNTIF(Y12:Y10000,"Fail") | N8: =$K$3-L8-M8-O8 | O8: =COUNTIF(Y12:Y10000,"Rejected") | P8: =(L8+M8)/($K$3-O8) | Q8: =L8/$K$3 | R8: =COUNTIF(AR12:AR10000,"Pass") | S8: =COUNTIF(AR12:AR10000,"Fail") | T8: =$K$3-R8-S8-U8 | U8: =COUNTIF(AR12:AR10000,"Rejected") | V8: =(R8+S8)/($K$3-U8) | W8: =R8/$K$3 | X8: =COUNTIF(BK12:BK10000,"Pass") | Y8: =COUNTIF(BK12:BK10000,"Fail") | Z8: =$K$3-X8-Y8-AA8 | AA8: =COUNTIF(BK12:BK10000,"Rejected") | AB8: =(X8+Y8)/($K$3-AA8) | AC8: =X8/$K$3
A10: ID | B10: Category | C10: Name | D10: Precondition | E10: Performance steps(test steps) | F10: Test Data | G10: Expected result | H10: Priority | I10: Test result - Round 1 | AB10: Test result - Round 2 | AU10: Test result - Round 3 | BN10: Note
I11: BugID | J11: =Report!C4 | K11: Tester | L11: Date | M11: =Report!C5 | N11: Tester | O11: Date | P11: =G5 | Q11: Tester | R11: Date | S11: =G6 | T11: Tester | U11: Date | V11: =G7 | W11: Tester | X11: Date | Y11: =G8 | Z11: Date | AA11: Tester | AB11: BugID | AC11: =G3 | AD11: Tester | AE11: Date | AF11: =G4 | AG11: Tester | AH11: Date | AI11: =G5 | AJ11: Tester | AK11: Date | AL11: =G6 | AM11: Tester | AN11: Date | AO11: =G7 | AP11: Tester | AQ11: Date | AR11: =G8 | AS11: Date | AT11: Tester | AU11: BugID | AV11: =Report!C4 | AW11: Tester | AX11: Date | AY11: =Report!C5 | AZ11: Tester | BA11: Date | BB11: =Report!C6 | BC11: Tester | BD11: Date | BE11: =Report!C7 | BF11: Tester | BG11: Date | BH11: =Report!C8 | BI11: Tester | BJ11: Date | BK11: =Report!C9 | BL11: Date | BM11: Tester
